BEGIN TRANSACTION;
CREATE TABLE IF NOT EXISTS "forum_topics" (
	"topic_id"	INTEGER,
	"subject"	TEXT NOT NULL,
	"category_id"	INTEGER NOT NULL,
	"decr"	TEXT,
	PRIMARY KEY("topic_id" AUTOINCREMENT)
);
CREATE TABLE IF NOT EXISTS "forum_category" (
	"category_id"	INTEGER UNIQUE,
	"name"	TEXT NOT NULL,
	"descr"	TEXT,
	PRIMARY KEY("category_id" AUTOINCREMENT)
);
CREATE TABLE IF NOT EXISTS "forum_threads" (
	"thread_id"	INTEGER UNIQUE,
	"title"	TEXT NOT NULL,
	"content"	TEXT,
	"created_at"	TEXT,
	"topic_id"	INTEGER,
	"user_id"	INTEGER,
	PRIMARY KEY("thread_id" AUTOINCREMENT)
);
CREATE TABLE IF NOT EXISTS "forum_comments" (
	"comment_id"	INTEGER UNIQUE,
	"user_id"	INTEGER,
	"thread_id"	INTEGER,
	"message"	TEXT,
	"created_at"	TEXT,
	PRIMARY KEY("comment_id" AUTOINCREMENT)
);
CREATE TABLE IF NOT EXISTS "forum_users" (
	"id"	INTEGER UNIQUE,
	"username"	TEXT,
	"password"	TEXT,
	"image"	TEXT,
	"email"	TEXT,
	"role"	TEXT,
	PRIMARY KEY("id" AUTOINCREMENT)
);
CREATE TABLE IF NOT EXISTS "admin_messages" (
	"message_id"	INTEGER NOT NULL,
	"message"	TEXT NOT NULL,
	"owner"	TEXT NOT NULL,
	"user_id"	INTEGER NOT NULL,
	"send_to"	INTEGER NOT NULL,
	PRIMARY KEY("message_id" AUTOINCREMENT)
);
INSERT INTO "forum_topics" VALUES (1,'Announcements',1,'Check here for news and updates regarding the forums.');
INSERT INTO "forum_topics" VALUES (2,'Introductions',1,'New members can introduce themselves here.');
INSERT INTO "forum_topics" VALUES (3,'World News',1,'Discuss what''s going on in the real world here.');
INSERT INTO "forum_topics" VALUES (4,'The Lounge',1,'Talk about anything here, within reason of course and keep it serious.');
INSERT INTO "forum_topics" VALUES (5,'Anime & Manga',1,'Discuss anime, manga, and Japanese culture here.');
INSERT INTO "forum_topics" VALUES (6,'Not Safe For Work',1,'This section is for discussing stuff that isn''t safe for work. Adults only.');
INSERT INTO "forum_topics" VALUES (7,'Databases',2,'Database dumps are posted here.');
INSERT INTO "forum_topics" VALUES (8,'Other Leaks',2,'Ransomware Leaks, Stealer logs, or other kinds of data that isn''t considered a database.');
INSERT INTO "forum_topics" VALUES (9,'Dehashed Combolist',2,'Combolists are posted here.');
INSERT INTO "forum_topics" VALUES (11,'General',3,'Anything that doesn''t fit into other sections.');
INSERT INTO "forum_topics" VALUES (12,'Leaks Market',3,'A place to buy/sell/trade databases and leaks.');
INSERT INTO "forum_topics" VALUES (13,'Hosting/VPS',3,'Hosting services for sale. e.g. Webhosting/Servers');
INSERT INTO "forum_topics" VALUES (14,'Programming',3,'Programming services for sale. e.g. PHP/Python');
INSERT INTO "forum_topics" VALUES (18,'Doxing Tutorials',4,'Post your own tutorials on Doxing here.');
INSERT INTO "forum_topics" VALUES (19,'Coding Tutorials',4,'Tutorials on Java, Visual Basic, .NET Framework, and more should be posted here.');
INSERT INTO "forum_topics" VALUES (20,'General Tutorials',4,'Post tutorials that don''t fit into any other topics here.');
INSERT INTO "forum_topics" VALUES (21,'SE Tutorials',4,'Social engineering tutorials and discussions.');
INSERT INTO "forum_topics" VALUES (22,'Scam Reports',4,'Report users of this forum for scamming.');
INSERT INTO "forum_topics" VALUES (23,'VIP News',5,'VIP News');
INSERT INTO "forum_topics" VALUES (24,'VIP Leaks',5,'VIP Leaks');
INSERT INTO "forum_topics" VALUES (25,'VIP Vulnerabilities',5,'VIP Vulnerabilities');
INSERT INTO "forum_category" VALUES (1,'General',NULL);
INSERT INTO "forum_category" VALUES (2,'Leaks',NULL);
INSERT INTO "forum_category" VALUES (3,'Marketplace',NULL);
INSERT INTO "forum_category" VALUES (4,'Tutorials',NULL);
INSERT INTO "forum_category" VALUES (5,'Staff',NULL);
INSERT INTO "forum_category" VALUES (6,'VIP',NULL);
INSERT INTO "forum_threads" VALUES (9,'U.S. Reward: $10 Million for Info on Conti Leaders; $5 Million for Participants','<p>The Department of State is offering a reward of up to $10,000,000 for information leading to the identification and/or location of any individual(s) who hold a key leadership position in the Conti ransomware variant transnational organized crime group.&nbsp; In addition, the Department is also offering a reward of up to $5,000,000 for information leading to the arrest and/or conviction of any individual in any country conspiring to participate in or attempting to participate in a Conti variant ransomware incident.<br />
<br />
The Conti ransomware group has been responsible for hundreds of ransomware incidents over the past two years.&nbsp; The FBI estimates that as of January 2022, there had been over 1,000 victims of attacks associated with Conti ransomware with victim payouts exceeding $150,000,000, making the Conti Ransomware variant the costliest strain of ransomware ever documented.&nbsp; In April 2022, the group perpetrated a ransomware incident against the Government of Costa Rica that severely impacted the country&rsquo;s foreign trade by disrupting its customs and taxes platforms.&nbsp; In offering this reward, the United States demonstrates its commitment to protecting potential ransomware victims around the world from exploitation by cyber criminals.&nbsp; We look to partner with nations willing to bring justice for those victims affected by ransomware.<br />
<br />
This reward is offered under the Department of State&rsquo;s Transnational Organized Crime Rewards Program (TOCRP).<br />
<br />
The Department manages the TOCRP in close coordination with our federal law enforcement partners as part of a whole of government effort to disrupt and dismantle transnational organized crime globally, including cybercrime.&nbsp; More than 75 transnational criminals and major narcotics traffickers have been brought to justice under the TOCRP and the Narcotics Rewards Program (NRP) since 1986.&nbsp; The Department has paid more than $135 million in rewards under these programs to date.<br />
<br />
For more information on the group listed above and the TOCRP, please see&nbsp;<a href="https://www.state.gov/transnational-organized-crime-rewards-program-2/" target="_blank">Department of State INL Transnational Organized Crime Rewards.</a><br />
<br />
<br />
Source: <a href="https://www.state.gov/reward-offers-for-information-to-bring-conti-ransomware-variant-co-conspirators-to-justice/" target="_blank">U.S. Department of State</a><br />
<br />
[url=https://www.state.gov/transnational-organized-crime-rewards-program-2/][/url]</p>
','10-05-2022 20:41:48',3,2);
INSERT INTO "forum_threads" VALUES (10,'List of top Manga Websites to Read','<p><img alt="" src="https://i.imgur.com/P6waNQU.png" /></p><p>
This is the manga list ... Hope fully you guys like it...</p>
','10-05-2022 20:49:49',5,2);
INSERT INTO "forum_threads" VALUES (11,'Robinhood Database - Leaked, Download!','<p>Hello <strong>Black Sea </strong>Community,<br />
Today I have uploaded the Robinhood Database for you to download for free, thanks for reading and enjoy!</p>

<p><img alt="" src="https://external-content.duckduckgo.com/iu/?u=https://haveibeenpwned.com/Content/Images/PwnedLogos/Robinhood.png" /></p>

<p><strong>|Notes|</strong><br />
In November 2021, the online trading platform Robinhood suffered a data breach after a customer service representative was socially engineered. The incident exposed over 5M customer email addresses and 2M customer names.<br />
<br />
<strong>Compromised data: </strong><em>Email addresses</em></p>

<blockquote>
<p>https://anonfiles.com/H0Qe7afdR8x7/robinhood</p>
</blockquote>
','10-05-2022 20:56:37',7,2);
INSERT INTO "forum_threads" VALUES (12,'Gravatar Database - Leaked, Download!','<p>Hello <strong>Black Sea</strong> Community,<br />
Today I have uploaded the Gravatar Database for you to download for free, thanks for reading and enjoy!<br />
<br />
<img alt="[Image: Gravatar.png]" src="https://external-content.duckduckgo.com/iu/?u=https://haveibeenpwned.com/Content/Images/PwnedLogos/Gravatar.png" /><br />
<br />
|Notes|<br />
In October 2020, a security researcher published a technique for scraping large volumes of data from Gravatar, the service for providing globally unique avatars . 167 million names, usernames and MD5 hashes of email addresses used to reference users&#39; avatars were subsequently scraped and distributed within the hacking community. 114 million of the MD5 hashes were cracked and distributed alongside the source hash, thus disclosing the original email address and accompanying data.<br />
<br />
<strong>Compromised data: </strong><em>Email addresses, Names, Usernames</em></p>

<p>&nbsp;</p>

<blockquote>
<p><em>https[:]//rapidgator[.]net/file/268sdf8896c7fa0f0d7a86fe8cdc2498595</em></p>
</blockquote>
','10-05-2022 21:03:09',7,2);
INSERT INTO "forum_threads" VALUES (13,'ClearVoice Surveys Database - Leaked, Download!','<p>Hello <strong>Black Sea</strong> Community,<br />
Today I have uploaded the ClearVoice Surveys Database for you to download for free, thanks for reading and enjoy!<br />
<br />
<img alt="[Image: ClearVoiceSurveys.png]" src="https://external-content.duckduckgo.com/iu/?u=https://haveibeenpwned.com/Content/Images/PwnedLogos/ClearVoiceSurveys.png" /><br />
<br />
In April 2021, the market research surveys company ClearVoice Surveys had a publicly facing database backup from 2015 taken and redistributed on a popular hacking forum. The data included 15M unique email addresses across more than 17M rows of data that also included names, physical and IP addresses, genders, dates of birth and plain text passwords. ClearVoice Surveys advised they were aware of the breach and confirmed its authenticity.<br />
<br />
<strong>Compromised data: </strong><em>Dates of birth, Email addresses, Genders, IP addresses, Names, Passwords, Phone numbers, Physical addresses</em></p>

<blockquote>
<p>https[:]//anonfiles[.]com/z5fdfdk2x3sfu4/emailpa...eys.com_7z</p>
</blockquote>
','10-05-2022 21:04:40',7,2);
INSERT INTO "forum_threads" VALUES (14,'balla.gov.tr dumps free for VIP&#039;s','<p>Originally leaked in 2022<br />
<br />
<strong>Contains:</strong><br />
id,ssn,name,surname,email,address,city,country,postcode,title</p>

<a href="#"><button style="background-color: red; border-color: black;" class="btn btn-primary" type="button">Download Raw Data</button></a>
','10-05-2022 21:25:03',24,1);
INSERT INTO "forum_threads" VALUES (15,'456GB stealer logs pack (06.2021-2022)','<p>Hello everyone, today I am publishing&nbsp;456gb logs, they are mixed and received at different times. I haven&#39;t cleaned the FileGrabber files, so be careful and after unpacking the archive, delete them first.</p>

<p><s><a href="https://mega.nz/file/g3oDkQoa#TYoVcktYOzRr585Tb60TJy-YxJKtaOjgNZwwvG06Cbw" target="_blank">https://mega.nz/file/g3oDkQoa#TYoVcktYOz...ZwwvG06Cbw</a></s></p>
','10-05-2022 21:40:21',8,4);
INSERT INTO "forum_threads" VALUES (16,'FREE Logs','<p><code>https://anonfiles.com/f8L2e7Y7x3/US_4E5EC3BE194519F581E8B98C22383B7D_2022-04-19T07_48_01.0038814-07_00_rar | Password:P&#39;yEq_3HR&lt;+#/8z*<br />
https://anonfiles.com/h3Lbe8Y1x7/UNKNOWN_80783A3D836141313BCAD5CE3F74D3DD_2022-04-18T20_13_51.7759258-07_00_rar | Password:P&#39;yEq_3HR&lt;+#/8z*<br />
https://anonfiles.com/j4L5e3Yfx9/US_4FEE558C5F14609C7DDEE88EE1BDBC22_2022-04-18T18_41_21.4698305-07_00_rar | Password:P&#39;yEq_3HR&lt;+#/8z*<br />
https://anonfiles.com/ldL2ebY6x5/US_6AAF4B2D437A65ABE7765F8B45D0F3B5_2022-04-18T21_00_18.4647552-07_00_rar | Password:P&#39;yEq_3HR&lt;+#/8z*<br />
https://anonfiles.com/n7L5e8Ybx7/US_6E15E72ECF2FC467C3E1D70B5A191B20_2022-04-19T07_58_21.3195654-07_00_rar | Password:P&#39;yEq_3HR&lt;+#/8z*<br />
https://anonfiles.com/p3Lae2Y5x7/US_A924A0C6605439CC9D46D7A06D5EC243_2022-04-18T18_54_21.5311427-07_00_rar | Password:P&#39;yEq_3HR&lt;+#/8z*<br />
https://anonfiles.com/r1L9ecYax5/US_8989C231853071B072DC63A4D650BC0B_2022-04-19T06_37_28.5883861-07_00_rar | Password:P&#39;yEq_3HR&lt;+#/8z*<br />
https://anonfiles.com/t3Lae3Y9xc/US_AC1FCA998D8ECB04D72D0665D1A0865A_2022-04-19T03_08_29.2475917-07_00_rar | Password:P&#39;yEq_3HR&lt;+#/8z*<br />
https://anonfiles.com/vdLbe2Ycxd/RU_799F411002C4BC2EAEAE5DE21622F985_2022-04-19T00_38_54.1335057-07_00_rar | Password:P&#39;yEq_3HR&lt;+#/8z*<br />
https://anonfiles.com/xfL2e2Y7x9/US_FFF99CDEECCB8E5E9E11A6A7B752E48E_2022-04-18T18_21_53.9220355-07_00_rar | Password:P&#39;yEq_3HR&lt;+#/8z*</code></p>

<p>enjoy</p>
','10-05-2022 21:41:31',8,4);
INSERT INTO "forum_threads" VALUES (17,'Apple Music 6 month','<p><code>apple.co/BBYredeem&nbsp; &nbsp; CODE-PKMT3R3PE43N<br />
apple.co/BBYredeem&nbsp; &nbsp; CODE-HHL3PPKERAYW<br />
apple.co/BBYredeem&nbsp; &nbsp; CODE-NRPW9YLE7H7Y<br />
apple.co/BBYredeem&nbsp; &nbsp; CODE-TPLLWLRLH993<br />
apple.co/BBYredeem&nbsp; &nbsp; CODE-9YTXW4JANTW3</code></p>

<p>&nbsp;</p>

<p>enjoy</p>
','10-05-2022 21:42:12',8,4);
INSERT INTO "forum_threads" VALUES (18,'FRESH LOGS NETFLIX','<p><span class="marker">NEW LOGS 0.7 GB FOR TODAY DIRECT LINK TO MEGA.NZ EVRY DAY WILL BE LOGS BE THER&nbsp;</span></p>

<p><s><a href="https://mega.nz/file/noVGWQTa#HaN6jYrr_dYXhk7cpootKIhTU8giA1yIF8p8ro6u-DI" target="_blank">https://mega.nz/file/noVGWQTa#HaN6jYrr_d...8p8ro6u-DI</a></s></p>
','10-05-2022 21:43:57',8,4);
INSERT INTO "forum_threads" VALUES (19,'20K TR COMBOLIST','<p>20K TR</p>

<p><code><a href="#" target="_blank">Look for Combolist</a></code></p>

<p>&nbsp;</p>

<p><code>enjoy</code></p>
','10-05-2022 21:50:47',9,4);
INSERT INTO "forum_threads" VALUES (20,'We are looking for a team member to join for a turkish gas systems attacking','<p>We are a team of ransomware creator hackers in uganda,</p>

<p>We already have all the ransomware techniques and tools. We are very familiar with running such activities.</p>

<p>Now we want to bind ransomware targets. Our first goal is to organize an attack that will bring Turkey&#39;s energy resources to a standstill.</p>

<p>If you want to join our team, contact us via PM.</p>

<p>HK{V1P_0d4s1n4_h0sg3ld1n1z}</p>
','10-05-2022 22:37:49',23,1);
INSERT INTO "forum_threads" VALUES (25,'Welcome to Black Sea Forum','<p>Hello, welcome to <strong>Black Sea (Aka &quot;Hack Karadeniz&quot;)!</strong></p>

<p>Here you can openly share any underground shares you want.</p>

<p>But we are not responsible for this. You are responsible for what you share and comments.</p>

<p>This website is a work in progress, expect a lot of bugs // weird glitches. I am aware of 99% of the bugs and I just need a bit of time to work on them all.</p>

<p>Welcome to the Black Sea underground forum.</p>

<p>Thanks &lt;3</p>

<p><em><strong><q>HK{Welcome_to_the_Zonguldak}</q></strong></em></p>
','20-06-2022 12:49:49',1,1);
INSERT INTO "forum_threads" VALUES (26,' About Forum Issues !!! UPDATE NEW !!!','<p>&nbsp;</p>

<pre>
<strong>About updating the bugs found on the forum;</strong></pre>

<ul>
	<li>Fixed minor bugs when registering on the Forum.</li>
	<li>Credit system has been added for important information shared on free topics in the forum. Check out our other topics for the credit system.</li>
	<li>Our registered users have been prevented from seeing the VIP section directly.</li>
	<li>Newly registered users to become VIPs and MVPs were directed to the fee payment screen.</li>
	<li>Fixed minor bugs about VIP users accessing all parts of the forum.</li>
	<li>Fixed minor bugs to keep forum posts private.</li>
</ul>

<pre>
<strong><em>We wish you a good time.</em></strong></pre>
','20-06-2022 12:58:08',1,1);
INSERT INTO "forum_threads" VALUES (27,'New users must read this topic !!!','<p><a href="exampledb.php?db=sampledatabase.sql">Example</a></p>
','20-06-2022 13:43:22',2,1);
INSERT INTO "forum_threads" VALUES (29,'[SELLING] Turkey Pharmaceutical Companies Mail Database','<p><strong>Breach Data:</strong>&nbsp;Company Name, Name Surname, E-mail, City<br />
<strong>Price:</strong>&nbsp;100 $<br />
<strong>Payment Methods:&nbsp;</strong>Crypto</p>

<p>Communication: PM&nbsp;</p>

<p><strong>Sample:</strong></p>

<table border="1" cellpadding="1" cellspacing="1">
	<tbody>
		<tr>
			<td>Zonguldak Eczanesi&nbsp;</td>
			<td>A****** T*******&nbsp;</td>
			<td>zonguldakeczanesi@protonmail.com&nbsp;</td>
			<td>Zonguldak</td>
		</tr>
		<tr>
			<td>Samsun Eczanesi</td>
			<td>B****** C*******&nbsp;</td>
			<td>samsuneczanesi@protonmail.com</td>
			<td>Samsun</td>
		</tr>
	</tbody>
</table>
','20-06-2022 21:13:26',12,1);
INSERT INTO "forum_threads" VALUES (30,'[SELLING] Turkish Gambling Databases','<p>Over 1+ million database from Online Casino - Sportsbook - Poker sites from Northern Cyprus and Turkey.<br />
<br />
Contains :<br />
<strong>First Name&nbsp;<br />
Last Name<br />
Email<br />
Telephone<br />
Email</strong><br />
<br />
Pricing : 100 EUROS per 5000 lines<br />
<br />
Contact via <strong>pm</strong></p>
','20-06-2022 21:16:38',12,2);
INSERT INTO "forum_threads" VALUES (31,'✪ ☛ MAKING CUSTOM PHISHING PAGES AND SCRIPTS ☚ ✪','<p>✔ Making Custom Phishing Pages and Scripts ✔</p>

<p>&nbsp;&nbsp; Crypto ✦ Social Media ✦ Fake Virus ✦ Email ✦ Logins</p>

<p><img alt="[Image: iesmibsk.gif]" src="https://external-content.duckduckgo.com/iu/?u=https://linx.do/selif/iesmibsk.gif" /></p>

<p>&nbsp;&nbsp;<br />
☠&nbsp; Ect... I Can do any website!&nbsp; ☠</p>

<p>I am back! After selling my services on RaidForums, I have returned. My sites include:</p>

<ul>
	<li>Fully FUD, website is completely obfuscated</li>
	<li>Powerful anti-bot to stay undetected and prevent red-screen</li>
	<li>Unlimited Revisions (Within Reason lol)</li>
	<li>Victim&#39;s phished information can be delivered via Discord, Telegram or Email!</li>
</ul>

<p>Only cryptocurrency payments. Our privacy is important. I&nbsp;accept Bitcoin and Monero mostly, ask me about other options. I do have a preference for Monero, because of the privacy for both of us <img alt="Angel" src="https://breached.to/images/smilies/angel.png" /> We can pass through a trusted middleman if needed</p>

<p>Contact me on ICQ or PM me here!</p>
','20-06-2022 21:32:53',14,1);
INSERT INTO "forum_threads" VALUES (32,'Ransomware - data decryption from cryptolocker.','<p>Data_recovery - is the only company<br />
specializing in data recovery<br />
after a computer is hit by a cryptolocker virus<br />
<br />
Since 2016, we have successfully fought the effects of viruses such as:<br />
<br />
- Makop&nbsp; &nbsp;<br />
- Dharma&nbsp; &nbsp;<br />
- Phobos&nbsp; &nbsp; &nbsp; &nbsp; &nbsp; &nbsp; &nbsp;<br />
- LockBit&nbsp; &nbsp; &nbsp; &nbsp; &nbsp; &nbsp; &nbsp;<br />
- Avaddon&nbsp; &nbsp; &nbsp; &nbsp; &nbsp; &nbsp;<br />
- Darkside&nbsp; &nbsp; &nbsp; &nbsp; &nbsp; &nbsp;<br />
- Rapid&nbsp; &nbsp; &nbsp; &nbsp; &nbsp; &nbsp; &nbsp;<br />
- REvil&nbsp; &nbsp; &nbsp; &nbsp; &nbsp; &nbsp; &nbsp;<br />
- Avos&nbsp; &nbsp; &nbsp; &nbsp; &nbsp; &nbsp; &nbsp; &nbsp;<br />
- Zeppelin<br />
- Polaris<br />
- Conti<br />
- Netwalker<br />
- WannaCry<br />
- Ryuk<br />
- Bad Rabbit<br />
- Maze<br />
- GandCrab<br />
- Stop/Djvu<br />
<br />
For more than five years of flawless work Data_recovery experts have studied thousands of variations of malware activity, and perhaps even in a seemingly hopeless situation we can offer a solution that will get your data back.<br />
Technical support from Kaspersky Lab, Dr.Web and other well-known anti-virus software companies in response to user requests to decrypt data informs that it is impossible to do so in a reasonable amount of time.<br />
<br />
Why us?<br />
Our advantages over other companies:<br />
- Cheaper<br />
- Faster<br />
- Reliable<br />
A general recommendation is not to pay ransom. By sending money to cyber criminals, you confirm that ransomware Trojans are doing their job, and there is no guarantee that in return you will get the key you need to decrypt your data.<br />
<br />
Note :<br />
Send 2 samples of encrypted files to analyze the decryption capability: one text file (doc, docx, odt, txt or rtf up to 5 MB in size), the other a graphic file (jpg, png, bmp, tif or pdf up to 5 MB in size). A malicious note file is also needed. After examining the files, we will advise you on the cost.</p>

<p>Mail address: data.recovery.zayotem@onionmail.org</p>

<p>&nbsp;</p>
','20-06-2022 21:34:01',14,1);
INSERT INTO "forum_threads" VALUES (33,'ANDROID / iOS / macOS STEALER','<p>Selling Stealer/RAT for Android, iOS, macOS<br />
<br />
Price $600 lifetime + updates<br />
<br />
Captures: Browser data, browsing data, apps data, app access<br />
Can be used for mining , clippers<br />
<br />
In package : RAT + Tutorial<br />
You need to have APK<br />
<br />
Accept deal on-site</p>

<p>Contact pm here!</p>
','20-06-2022 21:36:55',14,1);
INSERT INTO "forum_threads" VALUES (34,'Free Turkish Electric Sytem Databases','<p>✔ Turkish Electric System Databases ✔</p>

<p><img alt="[Image: Vp3L.gif]" src="https://i.gifer.com/Vp3L.gif" /><img alt="[Image: Vp3L.gif]" src="https://i.gifer.com/Vp3L.gif" /><img alt="[Image: Vp3L.gif]" src="https://i.gifer.com/Vp3L.gif" /></p>

<p>Contains;</p>

<p>Name,</p>

<p>Surname,</p>

<p>E-mail,</p>

<p>Address,</p>

<p>City,</p>

<p>Country,</p>

<p>Telephone Number,</p>

<p>Electric Company,</p>

<p>Last Invoice.</p>

<p>&nbsp;</p>

<p>Full Dump is free;</p>


<a href="exampledb.php?db=sampledatabase.sql"><button style="background-color: red; border-color: black;" class="btn btn-primary" type="button">Download Raw Data</button></a>

<p>&nbsp;</p>

<p><img alt="[Image: Vp3L.gif]" src="https://i.gifer.com/Vp3L.gif" /><img alt="[Image: Vp3L.gif]" src="https://i.gifer.com/Vp3L.gif" /><img alt="[Image: Vp3L.gif]" src="https://i.gifer.com/Vp3L.gif" /></p>
','20-06-2022 21:43:07',7,1);
INSERT INTO "forum_threads" VALUES (36,'Microsoft Warns About Evolving Capabilities of Toll Fraud Android Malware Apps','<p>Microsoft has detailed the evolving capabilities of toll fraud malware apps on Android, pointing out its &quot;complex multi-step attack flow&quot; and an improved mechanism to evade security analysis.<br />
<br />
Toll fraud belongs to a category of billing fraud wherein malicious mobile applications come with hidden subscription fees, roping in unsuspecting users to premium content without their knowledge or consent.<br />
<br />
It&#39;s also different from other fleeceware threats in that the malicious functions are only carried out when a compromised device is connected to one of its target network operators.<br />
<br />
&quot;It also, by default, uses cellular connection for its activities and forces devices to connect to the mobile network even if a Wi-Fi connection is available,&quot; Dimitrios Valsamaras and Sang Shin Jung of the Microsoft 365 Defender Research Team said in an exhaustive analysis.<br />
<br />
&quot;Once the connection to a target network is confirmed, it stealthily initiates a fraudulent subscription and confirms it without the user&#39;s consent, in some cases even intercepting the one-time password (OTP) to do so.&quot;<br />
<br />
Such apps are also known to suppress SMS notifications related to the subscription to prevent the victims from becoming aware of the fraudulent transaction and unsubscribing from the service.<br />
<br />
At its core, toll fraud takes advantage of the payment method which enables consumers to subscribe to paid services from websites that support the Wireless Application Protocol (WAP). This subscription fee gets charged directly to the users&#39; mobile phone bills, thus obviating the need for setting up a credit or debit card or entering a username and password.<br />
<br />
&quot;If the user connects to the internet through mobile data, the mobile network operator can identify him/her by IP address,&quot; Kaspersky noted in a 2017 report about WAP billing trojan clickers. &quot;Mobile network operators charge users only if they are successfully identified.&quot;<br />
<br />
Optionally, some providers can also require OTPs as a second layer of confirmation of the subscription prior to activating the service.<br />
<br />
&quot;In the case of toll fraud, the malware performs the subscription on behalf of the user in a way that the overall process isn&#39;t perceivable,&quot; the researchers said. &quot;The malware will communicate with a [command-and-control] server to retrieve a list of offered services.&quot;<br />
<br />
It achieves this by first turning off Wi-Fi and turning on mobile data, followed by making use of JavaScript to stealthily subscribe to the service, and intercepting and sending the OTP code (if applicable) to complete the process.<br />
<br />
The JavaScript code, for its part, is designed to click on HTML elements that contain keywords such as &quot;confirm,&quot; &quot;click,&quot; and &quot;continue&quot; to programmatically initiate the subscription.<br />
<br />
Upon a successful fraudulent subscription, the malware either conceals the subscription notification messages or abuses its SMS permissions to delete incoming text messages containing information about the subscribed service from the mobile network operator.<br />
<br />
Toll fraud malware is also known to cloak its malicious behavior by means of dynamic code loading, a feature in Android that allows apps to pull additional modules from a remote server during runtime, making it ripe for abuse by malicious actors.<br />
<br />
From a security standpoint, this also means that a malware author can fashion an app such that the rogue functionality is only loaded when certain prerequisites are met, effectively defeating static code analysis checks.<br />
<br />
&quot;If an app allows dynamic code loading and the dynamically loaded code is extracting text messages, it will be classified as a backdoor malware,&quot; Google lays out in its developer documentation about potentially harmful applications (PHAs).<br />
<br />
With an install rate of 0.022%, toll fraud apps accounted for 34.8% of all PHAs installed from the Android app marketplace in the first quarter 2022, ranking second below spyware. Most of the installations originated from India, Russia, Mexico, Indonesia, and Turkey.<br />
<br />
To mitigate the threat of toll fraud malware, it&#39;s recommended that users install applications only from the Google Play Store or other trusted sources, avoid granting excessive permissions to apps, and consider upgrading to a new device should it stop receiving software updates.</p>
','23-07-2022 19:24:13',3,1);
INSERT INTO "forum_threads" VALUES (37,'Very Important. Chrome exploited','<p>Some of yours using Chrome for routines.<br />
Update your Google Chrome to Patch bug.<br />
<br />
CVE-2022-1364</p>
','23-07-2022 19:26:54',3,1);
INSERT INTO "forum_threads" VALUES (38,'Hello Mates !','<p>Hello Black Sea community, I am kesersadi. By profession a web pen-tester&nbsp;and exploit developer. I am new to this community. I love to work on the tor network. Hacking onion sites is the thing I enjoy the most. Hope I will contribute something useful to this community and will learn a lot from you guys.&nbsp;</p>
','23-07-2022 19:35:58',2,4);
INSERT INTO "forum_threads" VALUES (39,'[SELLING] $1 BULK MICROSOFT OFFICE 365 LIFETIME + 1TB ONEDRIVE','<p>Microsoft Office 365 Lifetime - $1</p>

<p>Resellers Min 10 accounts&nbsp; Warrants 1 Year</p>

<p>1 Office 365 account can be used for 5 computers + 5 tablets + 5 smartphones.</p>

<p>Office This Office 365 version is Pro Plus, including all applications of Word, Excel, PowerPoint, Access, Publisher, Outlook, &hellip; Use both Online and Offline.</p>

<p>Customers will receive 1 Office 365 Account and login password.</p>

<p>This Office 365 account has no expiry date, the shop will have a 1-year warranty.</p>

<p>AUTOBUY:&nbsp;https[:]//microsoftofsss[.]sellix.io[/]product[/]62dc15c2bbe3bx</p>

<p>Payment :&nbsp;Bitcoin,Litecoin,Solana,Ripple,BNB,USDT<br />
(Binance Pay and send crypto transactions with 0% fees.)</p>
','23-07-2022 19:42:27',11,1);
INSERT INTO "forum_threads" VALUES (40,'Combo 5x Youtube Channels 2010-2020 Without | With Videos | No Copyright Strike','<p>Welcome to Store<br />
<br />
We are selling Old Youtube Channels.<br />
<br />
<img alt="[Image: J4BvAgk.png]" src="https://external-content.duckduckgo.com/iu/?u=https://i.imgur.com/J4BvAgk.png" /><br />
Details:<br />
- Age of Creation: 2006-2020<br />
- Full Access ,Email Included<br />
- High Quality Old YouTube Channels , No Strike<br />
<br />
- 24/7 Free Life-time support forever.<br />
- Instant delivery after payment. Sometimes it may take 1 hour - 24 hours (depend on country &amp; quantity).<br />
<br />
Channels Without Videos ✓<br />
Price from 15$ / 5 Channels<br />
(depend on the year of channels you need)<br />
<br />
Channels With Videos ✓✓<br />
Price from 30$ / 5 Channels<br />
(depend on the year of channels you need)<br />
<br />
You can buy minimum 5 channels.<br />
We sell random do not share channel links.<br />
<br />
PAYMENT:&nbsp;Crypto, TransferWise<br />
Cheaper buying in bulk (Contact me for more detail)<br />
<br />
CONTACT US:<br />
WhatsApp:&nbsp;+846545373535754<br />
Email: kesersadi@proton.me</p>
','23-07-2022 19:45:56',11,4);
INSERT INTO "forum_threads" VALUES (41,'[STARTING @ 9.99$]✅ ADOBE ADMIN CONSOLE ⭐ BECOME A SELLER TODAY ✅[CHEAP PRICES]','<p>-------------------------------------------------------------------------<br />
Get Your own adobe admin console today!</p>

<p>You can add and remove users anytime</p>

<p>-------------------------------------------------------------------------</p>

<p>Admin Console containing CC All Apps(+1tb)</p>

<p>1-5 slots:19.99$/slot</p>

<p>6-50 slots:14.99$/slot</p>

<p>51-99 slots:9.99$/slot</p>

<p>-------------------------------------------------------------------------</p>

<p>We can discuss any other individual app or adobe stock price in private.</p>

<p>-------------------------------------------------------------------------</p>

<p>Contact: pm<br />
-------------------------------------------------------------------------</p>
','23-07-2022 19:47:24',11,2);
INSERT INTO "forum_threads" VALUES (42,'IP SPOOF VPS','<p>I want to buy a vps that can address spoofing to test scan and ddos I am a student if you have contact me</p>
','23-07-2022 19:50:00',13,2);
INSERT INTO "forum_threads" VALUES (43,'Tool to find a person&#039;s social media accounts | OSINT','<p><img src="data:image/png;base64,iVBORw0KGgoAAAANSUhEUgAAAkUAAAHHCAIAAAA+jLvYAAAAAXNSR0IArs4c6QAAAARnQU1BAACxjwv8YQUAAAAJcEhZcwAADsMAAA7DAcdvqGQAAAAZdEVYdFNvZnR3YXJlAHBhaW50Lm5ldCA0LjAuMjHxIGmVAAD/gElEQVR4Xuy9B7x1d1XmT/KW9ORN7z0hvYeSGEpoodeAFOlIL4beAySEotiwAKMj4BTHyqgMWFFRQR2lDCACIiKjosMfZQQEEf7P3s++z33OWuv32/vehFDmfj/388taz3rW2vucs+/e59z35u6bbNu27SY3ucluu+2GVXiqePfdd2cAgl9kveUkqgYb0qA4LGWPKwzCyoB47FDvO5f3AqVlNdM3oDo7waGZXUJ6QCWvhphM+YhS14Onjw6tPMGHe8wAdGIy5YaLyw1bx79Y3guUltVM34Dq7ASHZnYJ6QGVvBpiMuUjSl0Pnj5bx3+wIQ2Kw1L2DCn2slDXUJwDwNgVslElVJUywColU5aC2GoPj72zFQe20inRX/gM28GUj/TTknFGtC1pzJRdQcypK6Hq5FLH3GLY2MiUt1ni6eMTFOcAMHaFbFQJVaUMsErJlKUgttq3jn9SdgUxp66EqpNLHXOLYWMjU95miaePT1CcA8DYFbJRJVSVMsAqJRNLyPfcc8/+IUjUiWDWX+4BxbLUoe/PMxWHRjmDfn3QTKagfGbCFoc9GJlyMzDopFIESyUy+JpTJ3jIEmfp6QC/WmZ7+06Ks0NahNN6C9+HreOfaCZTsHX8LwR+tcz29p0UZ4e0+DY7/qcfOW6OvDEpoYQ0KAFW3eYx8JhkRfQbRVkqe0MQGrPt+oNR/UOt3IcN7QDM3qWUSAzrJigbs+hKqyo9Gxx+y/U9ZImnRe5t7R7SoARYdZvHwGOSFdFvFGWp7A1BaMy26w9GbR3/DhXp2eD8v3v843q2fft2BGV5uUhYkiE4vRpKjpcUh6BsD6Kn3u46aJVcZ1BStmRQKqsuKu6IXhK5EYHiTKiGFEiRrsApRRIasRIpwtNQWkKnXWk5liJWBaO8wnKRhFHB6dVQcrykOARlexA99XbXQavkOoOSsiWDUll1UXFH9JLIjQgUZ0I1pECKdAVOKZLQiJVIEZ6G0hI67UrLsRSxKhjlFZaLJIwKTq+GkuMlxSGo23ElqwuNHx1k0E6mvE3pYS9QLJ1Bxm2CStCVdnTCFCh1MZOrWem/uyQdg0pLPE7LT33JWNCvBmCWv9XoOuPs1JtKlRRLES0l6w6qbuiYt45/KiW5mpWt499xnXF2to7/8+950Ks/efHtn3oklIe+7mTEh528Jz25dPgpew2dVYldPhCxSuwS34rH/4T/yNELoW0YMypBJ6WYkW2YtQaVQNBb6dDfmADcxoCMTQNTPlIqU7SK6zmWUgaKAeMgEillNRM8nZZx3sCUG0vE0uNkP5Wgk1IE3oKVwSYIvYxdAdlAso1K0EkpZmQbZq1BJRD0Vjr0NyYAtzEgY9PAlI+UyhSt4nqOpZSBYsA4iERKWc0ET6dlnDcw5cYSsfQ42U8l6KQUgbdccK+D85VpMDUuWqGEIX49Q6kz0PfHY4CUStBJKWZkG2atQSUQ9FY69KvEizCuZ+vSGq7kqujbZod0Jju0aWXgqLT8bcUUrSIdAVFMHSh2sUXYnyUtHfJu5IGuYOvB0PfnqsPqrIdMeYKlvgfIxlRIUbDkFS+35aOywZVcFX3b7JDOZIc2rQwclbaOf1e+PY7/1ietVgnxRkv6VCd89zq72rfNDulMdmjTysCZlB07dvCAyw7hpTLOQclsNRuCkg3AxdJQQme/t5zmjR1Di1xtKZ05MsijALTizPKqYgSlTphKLJ2hRYTekk41lJT2xwZbiZfKeMkQMFvNhqBkA3CxNJTQ2e8tp3ljx9AiV1tKZ44M8igArTizvKoYQakTphJLZ2gRodc543YHPOed51zysMNQvffLjkN80HF79EtIWbr04Ycjvc81x/e7Dj5+utRlfJfKOAcls9VsCEo2gCjmN1BlG5Duhpa5ZBg9+n2jEhm3AuAxoeKraJlLOiVSGlxErNR1ATE86ila7c3kkpROaQl9c6iWGy1jBlgVjPIi2AWmvN0ebKCfLmSc2txiCEDLXDKMHv1bx797hs6qheSSlE5pCX1zqJYbLWMGWBWM8jzbduy2Y89t/Nq2fWVaZhy/UuqnC0HX9p27b99j+tJuAA30yRvaCsz03wjHfyQMCmkIAOPBVzkBY18DeJBZL51LyJvzNVCKpNXFl6SsltOyCIVip0SCIadBWYK6Or0qBY8/dhKcWBVo9WAJ2RyUfgqo+CqyOeAGxCENAWA8+ConYOxrYOv4FyqRYMhpUJagrk6vSsHzdTr+n/WOs1/9yYv59dDXnZzNQemngIqvIptF2A0oMLtfcRYHX+UEjH0N3ADHP39Tny+PwIjlc10f+1bSKWrMFGUVinaMVV8XAnP2dya4v7S56E7Xgac5DmYgpd/YgtXgQSollPp4V250JVdLOkP6E0K1Y54t5YM8rAJpUEBWiOtj30o6RY2ZoqxC2Tr+p6hqcVgNHqRSQqmPd+VGV3K1pDPES+WFhCXS2dxsafnxn3cDtOa7jjikU5RKgbIKZcPHvz/I0gcx6EyDCEZj4XSojMZ6CKEBTHkbeZaYA6HFR3nMADAeiwMURVYyubHVlW1kym9oOFnzfUN5o7nKoyi3596SPHAJpXOj7bObhhh0pkEEo7FwOlRGYz2E0ACmvI08S8yB0OKjPGYAGI/FAYoiK5nc2OrKNjLlNzScrPm+obzRXN3o8X+rRx9+z5cce949DmKaBy6hdG60fXbTEIMedl5kZ0gBldE4BaMcoQFMeRt5piC/EsRFIj2QbVO0SksX2QDFRcautAhOBIQp8BgwHS3rjVw9dUUxCDHTIE5R6iVZARJLfwCivzXpQLNgOs6YglGO06SDHLsyC8y5y2PQKQWWO0XHhhJhTJFID2TbFK3S0kU2QHGRsSstghMBYQo8BkxHy3ojV09dUQxCzDSIU5R6SVaAxNIfgPgtdPw/+b+fgY8+V776hElKE/ImWix3io4NJcKYIpEedj7bpmiVli6yAYqLjF0p8JdN1pkeo+NESTCl3mGJR8icA5BHBSUbxGwJq3uYAqUhEEtKAepYCUUSUgIRrylLQ8OaR0HA9dG+kk7RiFLNBy3PJmBvfwKqLUPWlzuJ9JYh03GiJJhS77DEI2TOAcijgpINYraE1T1MgdIQiCWlAHWshCIJKYH4zX/85+sZYG9/AqotQ9aXO4n0loH4znecKAmm1Dss8QiZc1C8GVmvbWQzdC73k2Fjqy1Kc9DHbTnGmkWhNOhgaGs3tqCNzy3jVmPWS+fy9usDp2ElFJejLl/7uEfxphtLNlRF6kqodqBzuZ8MG0s70Ar6uC3HWLMolAYdDG3txha0bR3/o9zDPYo33ViyoSpSV0K1A53L/WTYWNqBVjCDH20tWMXatznBqd6gA5VayNC3OcHp7V5inJ8Bj0tgIIwpzuJOxZ0hncmdLmehDcCz0DZFa7gSYk+BK52ScDFX+7h/HLOSTtFi2DKOWdobnOoNOlCphQx9mxOc3u4lxlvHP4BnoW2K1nAlxJ4CVzol4WKu9nH/OGYlnaLFsGUcs7Q3ONUbdKBSCxn6tgn9/9TEexR3rnkSGZTtAkoQXfE475KqXEmOpSiVQpQyGOtTMMoFrdLY2uwqkZ+9gKkjsWUA7gkBYJwVDzKd0o3ARrde+il6KdhyadYAto7/KVplbG12lcjPXsDUkdgyAPeEADDOigeZTulGYKNbL/0UvRRsuTRrAN9Cx//KvnqZQJHYeVQlwZkbXWnFIDeCJZ6STTcG0KheBkpBKN1Q5LEIBBWg2MUWY+tKb0inyChFEBqZ5lWEVLheeoKh4ymrWSGlU+LW8e+gUb0MlIJQuqHIYxEIKkCxiy3G1pXekE6RUYogNDLNqwipcL30BEPHU1azQkqnxG+N4197GRzARQatVLiSq4EwzVne63S6NrEJIae3hPbSA0LqlM4lcxCTKa9g1dfMrN4f0mp3wgQebE45BCJRqjXjOuOwlWwoySUoEhm0UuFKrgbCNGd5r9Pp2sQmhJzeEtpLDwipUzqXzEFMpryCVV8zs3p/SKvdCRO2jn8nTHOW9zqDyAfvT0HTWtHfMKp9A2l5pDPQTg5D57Y7RW3c0/Jv1EOWdImOASXCWKsHZDBZibEU0DnEnb6uarC5zg25odWVgWHW49CsluW9oRG0YtEa3tIJqn0DaXmkM9g6/rl6QAaTlRhLAVvHvxMaQSsWreEtnaDaN5CWRzqDRcc/TVi9J7jL5uZEg56OUwZC0XGxH2PNYhk4FLEq0FMhQjpLy69NMAUh9pSUYonbWi3jsIEpX4NKWXJQ1SEFZM4BaMUdSlunt1WijtVhKcOSPFvH/9bx3wLVreNflGKAno5TBkLRcbEfYx2CHTt2IGnd/0xM7tXYVzJWVtqVMghpQJ6ySuRhupBx5MCUV7CqlUghEoXSoAMv9asMMhsqQaGYS072DG3dFlHagsh04cAAughjiQxEpwRK0aEhr6Rshyhdsa9krKy0K2UQ0oA8ZZXIw3Qh48iBKa9gVSuRQiQKpUEHXupXGWQ2VIJCMZec7Bnaui2itAWR6cKBAXQRxhIZiE4JlKJDQ15J2Q5RumJfyVhZaVfKIKQBecoqkYdpxN9xOLlBgwhFR2JZdYKh39jaQ6dsdJExVgWjvAG8pdWedSllC0X3KN4E/XaVOp4+PoEwdbLoCuOhcw3qwGOgNOhk6GzoU7SMjj+XqGAlFB2JZdUJhn7j1vG/kH67Sh1PH59AmDpZhPK0t5355P9+BmOuYrQMeAyUBp0MnQ19ipbR8ecSFayEItm59+5Xv+f8B/7giUxDNRMMSsvGjR3/C91CitbA6FqvesptMQ1kUV1M+8Amv4KxEpHBCYqnjIee9sApGilteODjgGkUxT6ylX4XEStlTKhsCDUyICxlVAqeVtoZFSid/QMVLezylYEUBiIrLegkUrQGRtd61dOt4x9xacjIVvpdRKyUMaGyIdTIgLCUUSl4QnrmHXa9+pMXn3G7AzqjAqXzm/z4v/yJR7zyry46+Pg9Rtd61dMb4fiPTxMLgLFW4jFQ6gFhChQH3WmVsuhKWSVTvkrQmS40g047VgYlKjFoOVUlFGeRs98yjhxgTDGwUT0zbGBkyttk25KuzPXvyrtBGGslHgOlHhCmQHHQnVYpi66UVTLlqwSd6UIz6LRjZVCiEoOWU1VCcRY5+y3jyAHGFAMb1TPDBkamfASfzJ72P86ckjWyLaQLuf5deTcIY63EY6AUwR77bnvJ+8+///eegFg6UBx0p1XKoivNauuySUW6B1kUWQkEA1Os0hUQlYIeoA0oZQA8DowdA1M+B51sARRFUJhmG2npHdRS9s4OhKHjUWmJJ1OWWv68LQ8UCxcZKCUhBe7PVYfV7Am6B1kUWQkEA1Os0hUQlYIeoA0oZQA8DowdA1M+B51sARRFUJhmG2npHdRS9s4OhKHjUWmJJ1OWbnrr/fHh7Kwrdk35GnlbHigWLjJQSkIK3J+rDqvZE3QPsgju8D1HveLjFx10bPM+18RbANNhYjUTqBT0gGzTLdAIpakwR8eWS0EpPz7DQ6Z8hGkQZ8l+VzrT+pvrfGReiM+/PnMIJpApX6WlA5aCQWnZmMXSNgu7+tuapdPl8/NKECsNutZZOrZcCsrW8a/1+oAJZMpXaemApWBQWjZmsbQ5T/yF06/6tbOCi139bc3S6fL5eSWIlQZd6yzBttf+2172wQvu+4rjEecJQfl6Hf9hrrcNg6vRRDGD4ARZybQ8riNmKjGkgLEeixtk80eae52slPj80KJ0yShNwB5iVToWVyZ47LT0hSxszzYqrndGtdpbLB8enKUNInUFJV7KzlD1IDhBVjItj+uImUoMKWC8dfxvjoXt2UbFdY9PvnQ/fDg7924HMm21t+gPd4KztEGkrqDES9kZqh5wveKZR7/iLy864MidUvq0PK4jZioxpIDxcIQj8gMdBJ9S1xfSavGZgkrAddrAlK/S0b0UbKFaQoNsY0dv4BSlUp9+Y672/aA/JNOvkoUbCtDgNsUeKHYosgooCldydZayJcxU6vpCWi0+U1AJuE4bmPJVOrqXgi1US2iQbezoDZyiVOrTb8zVvh/0h2T6VbJwQ+RxP3PaM37rrN3GcyxStyn2QLFDkVVAUbiSq7OULWGmUtdb7H3g9mv//MJ7v+w4pq0WnymoBFynDUz5Kus6om3btrV8gCU3ZHP2BGZLWEHn4rpROHBK2rin9FPsj0K1ZXC9FTtZl8Kg1eh0PD6kM1BiDgBiT0Uplix0yjZsb3UHpqgalZXAMGt1gqcBltyQzdkTmC1hBVvHf9alMGg1Oh2PD+kMlJgDgNhTIfGEi/fFh7ML7h1v4izK9oxsw/ZWd2CKqlFZCQyzVid4GmDJDdksz12fd8x1H71w/8OG/63ZyS1CveCGOf7717Mbh43ugPtDL1Osrit20QlmpSFQOsswIvVKES56TPppBzlbE5ZMbpmJV93gcSA7leaAhBRHfOnMcWjsAOdy89eJje6A+0MvU6yuK3bRCWalIVA6yzAi9UoRLnpM+mkHOVsTlkxumYlX3YD4MT9902f9ztm7b4td2ak0BySk3+TH/74Hb3/5X1x4j6uPnfLFbHQH3L8e8y+D+K+EtFDP7IaDoeMPV2MCf6cll6SU00Q5c9jSyJSPKFVJCumnICsd3FxObhmCGWRlc4Q5rbF5Z/pKIJsDrQlQskiC3rIJGvpHDtGohTNFx791/AM3l5NbhmAGWdkcYU5rbN4Zrseevw8+nF10v4OllOT2gM90oGSRBL1lEzTcsMc/LmYv/8iFuLAx7fhv+OOf1zOuLECdHdcxAFSDYUOp4KNVFUHL6ZSe3FvanP5rrKrmMMhjoWSxRcfZn+Ol7FQa9CWMwwYYUyQhBaNxXWzFS5j1h+Etv44iGmTz1Net459sHf9kHDbAmCIJKRiNuz3yp0597u+fs/v2IZ4KG9/0rD8Mb/lv/OP/gMN3XvfRC+/2/GOmPPn7qdjM8Y8rWT5wQ1ueMk4eYKw1p8BjkhWBEqvuCYqXltPvypvzADDuDxGtxty+cGCfhUM6tnL3choUsaTkBo8zuSolDwnmbCDBJqDnUlBKA2GsNafAY5IVgRKr7gmKl5bT78qb8wAw7g8RrcbcvnBgn4VDOrZy93IaFOGlHXvufserjjr50v2YqiQD8DiTq1LykGDOBhJsAnouBaU0EMZaFZx/r4Nu/djDXXGyIlBi1T1B8VKBLsj9BhfdSZQyCJQGxlhzoFUw1aV3sK4ZFCvISHfDaK/9Adq0Muiz0EZoBjnlKjwNsadESi61aLWUKdagO/IwdSS2PFCymJGHfkKFMPW1gwyl00V3EqUMAqWBMdYcaBVMt45/T0PsKZGSSy1aLWWKNeiOPEwdiS0PlCxm5KGfUCFMfe0gQ+l00Z1EKYNAaWCMNQdaBdPZ43/4+/pMhKeDsapm3SlLLXG5mbA09g1QdILItHQ6LQP0XKIS9NFY6MRFvipSWl1QVGLQoTRI9IAwDbT0Dj7NA8VEB6JwMwNQigGWOgYnD/RGxJ6SvoFp1p2y1BKXmwlLY98ARSeITEun0zJAzyUqQR+NhU5c3Dr+gZsZgFIMsNQxOHmgNyL2lPQNTLPulKWWuNxMWBr7BiiuAJX/fpYpG7I4DF7dDGG1BQ2+ktDYT4V0BIwVOK7QICZ1DVdy9UamvwOhGs4XAHFIp8hwD2PAVAQlpHm7zjCuKgXRbaEUKKtj98CUr9FXcpWUejmKIgPBagsafCWhsZ8K6QgYK3BcoUFM6hqu5OqNTH8HQnXr+AdTvkZfyVVS6uUoigwEqy1o8JWExn4qJh3/Kf8JraQcLTFUnZannwIoWQRBVBqCbFv4SJ08PAC9Vcp0hmgV2QyFokoKSEiBK62YSOnbSDAvtPWBp2UrX7j+TFVLm1dLQybYmErsDGl5+imAkkUQRKUhyLat43+Kus6+jQTzQlsfeFq2rePfCWL0zJQrJSADA/d7yXXAVGKoirIrk/XZRlcUZ5vTsVEp23MXAsViYRXkKgm6Ug8Uz+LOHEsJA1s6gEJRJQXAY1CmpT84BXSeCLITgeJA1ltOIQMD93vJdcBUYqiKsiuT9dlGVxRnm9OxUSnbcxcCxWJhFeQqCbpSDxTP4s4cSwkDWzqAQlElBcBjUKalPzgF9P+3jv9WjeTqrF9MkrHwvaF685Bx8LpYGrQyIEyXs7BLNgWKAdM+pU1ia8iS4e5Z4r8+YH5+cSG2tht0pr5moKukoPxeVQo8htnTJWR/fwKqYpKMreM/U9oktoYsGe6eJf7rA+ZvHf8AVTFJxo1w/E+EwthVWCUyKD0g66GxRba1/FmHQqZ8GfKXjbPTOu1QstihNLsYDP3hubHTjjikUzQSUlHaNmQuQalTdbLNexm4spxWl0QGpQdkPTS2yLaWP+tQyJQvQ/6ycXZapx1KFjuUZheDoT88N3baEYd0ikZCKoLOm1AvNLdsAKVO1ck272XgynJaXRIZlB7g+oZuXR3mexDIOpTa3CwkWragK3W9FRMoWQTUwZRXvSB4gFLXyxiB64CpdK6uhBgwdgUozQHpG4JZQFep9JRii3HYjH+hZ4pGsl9KOcpFxIQxxQ7y5GAJMC/0t2xBV+p6KyZQsgiogymvekHwAKWulzEC1wFT6VxdCTFg7ApQmgPSNwSzgK5S6SnFFuOwGX/2nHH7A3gT6ilPGw0pkJJLwEXEhDHFDvLkYAkwL/S3bEH3W1dP0qonz4GSRUAdTHnVOyC1LifdU32KhEgYU9wouXF21CZa+rBdQ8K0/vB+r+POjm3TtPbBU23dxVnczFgrA8Kfb7ji9EshIGPHwJQnVGIQ0iW0nEH3dOv4d/q9jjs7tk3T2gdPtXUXZ3EzY96EehyzXto6/oluXT3lXbyRZCWwYuCTzrjshEjdVw+Ax8A9RCmDEj0vIh8QeUIwAKU5yLinYwNe7TtBNrRaSp1PBUulQSUFozxAEUx5qoagpF/NhLFYiR/rIcjkA2CcESczJWN9YpIatAyul55h9Kj76gHwGLiHKGVQsnX8i2+t499vQs1GrGTr+CdLbl19Qx3/NcHkqeJh0ghTkcXsESqNTU0bCYbspzI7B8jjLd6ImGl5nE3RSH7eSVA6Bga+lsyWZJgdRWBwD2OJXF3JqNQyENn6yKaAsVYx1nsD+aJMyRqu9NtDtWxEQJiKLGaPUGlsatpIMGQ/ldk5QB5v8UbETLeOfykZ6LwJNZ6DSaroTHBkU8BYqxjrvYHfVMf/3gds162rA3LmrkwwNP1eaMWAaZ4ipdMLoEhk4Cvgd45SElIHJVWzrVQoMgDSGQTcAxhLUaogrKQVk6Bkg+iURDlfYqgyzaKUUNoEecLCmcNOjM4y0OrBEkJX2etiMLS6pHR6ARSJDHwFW8d/NohOSZTzJYYq0yxKCaWScBPqQJ6wZCYYdmJ0loFWD5YQuspeF4Oh1SWl08tbV+86ag+mPkrOG+D4118GUQFE0xohbdGy+Vj3uM6gJFeDUs7sA5ucHoPyyQVZCYxjBs+skwRb7urPUZWBp2UcCHq2URn6R4LIlIz1FYPwUiaXSnNnAnEDY6wKRnmdoLuhFEFIW7RsPtY9rjMoydWglDP7wCanx2Dr+CdUhv6RIOom1EypM2ZAvJTJpdLcmUDcwBirglFeJ+huKEUQ0halzW9dDYN7FLuYydWgDOn27dt37tzJY3cW9vsagDiru4HxWFwJiMckVLXb1H0tQcmr/VRkUcrs80anTwgxUcpgFmw3m6XoTCRFAXDdkVhWSSh15nipH7tCsuLk57w1U8/DUGiAKpnyLrT5GhgGzeluYDwWVwLiMQlVPRXUfS1Byav9VGRRSn4tAnT6hBATpQxmwXazWYpedykKgOuOxLJKQunEmw0fzsJNqOlxZz92hWTFyc95a6aeh6HQAFUy5V1o8zUwDGrrvHX1AYfvnFQbFQLiMQlVPRXU16v5Ocrk6ZngUZp1KlrJWBxgnFfiMZlVlCIIJQAlv/ajcWDKV2nps6gxTOgMzCXtLUtu8NhpeRArdV2U1aFnTF0EnpaGTG4RSHNVIldHpY2ypGsTHqVZp6KVjMUBxnklHpNZRSmCUAJQto5/xgycsjr0VDehDh6tHXKLQJqrErk6Km2UJV2b8ChloFtXI6WilQzWEcZ5JR6TdWXJlWyWsIG8vZKwi7krK8tR7zh4gGnAdcR4Nkbviplp1kvk6ZjHSROTZPMZAOolrPq6CfwUlof0x6or2JS6HjyZ1hCS26EQxhSJ9CVsyNwhDFk4023DfqSurCxHvePgAaYB1xFvHf+iPxZV3oT64isPmaQRdXl7fxQIhn4KoBDGFIn0JWzI3CEM6cz0W1e7bdiP1JWVzRBGe+p6IJSYZn+p9K+pbPGDT3iaJxPpCGY9xNOyRSICwjRA3ast541D2B8EQcn0S6xqFV7NcQiIpx1PUEi2TZHhYmkQqAazUtcDocQ0+0tl6/i/cQj7gyAomU4p3IR6+M8aSkdjjENAPO14gkKybYoMF0uDQDWYlboeCCWm2V/euvqGPP7hA0x8JS2dUDlklUNHEBx44PQ7P7kRlNNKp8PJ3AoDsmvX8D9/BPgUOJqft+VpKGVk6AwpoSG3e6A4EHRPx6aBKTdKMdDqDbQ8nfbp5TH4wuH1ar2UOGymKNEplQeA0O6FXc2pVuKK6yQrACJ1VRU4WRzaKqcjw6wTbB3/oBQDrd6Ae/wm1KF9n4O2l1977T/85p2cOSAhdTqlPr4tH5JTrcQV14kUf5j7HrwDXwzCQya8dXU5LYsBGZpOFLZvH95jKGWgixzIza58rcEHPvCByWH0RzHOiphGJ/K20MjeMAEEPduWxABpUEAWlSrgiSbooYuUJaSu++pIkUFKh2Bj7AqRMrjXoAKUTi9PAq/XFCU2XdJGS1gqDS4qXn78b4j+KMZZEbm9BZw055agZ9uSGCANCsiiUgXf3sf/qz95cfn1jN88ix43B1xvxSCkej6D7rBUGlxUvKHjPzxSfeEhT441+qMYZ0Xk9kg4tgSUVnMo3bbBzW52M1TDEKYuDrMaG8pMo43LL78ca7mtgFeXb9EZdrRqXD5NTgatxiVVBW5rtbQo/Vmc3URru3yNMni9pmjtFRQsBZGgBF0lD3gABLBX2jHfw1bsDJ0bL2WCk6mLw6zF0wKhtz9nubPFsLGqcfk0ORm0GpdUFbit1dKi9GdxdhMunnzJfuXXseftMzlWmR0YYqU5CIzewtOKnaFzcSk8Un3hIQcnUxeHWY0NzRJ61+PW/amFtxEq0oMh+wl0loIhpELmYJDOlQFpxSXBkP1QKPLC71DnGnBxSSz6Yqfa9wg3Y2WwEPd7vFFy4+yocWub3JyTX0SyZAemaA0q0oOhNRA6S8EQUiFzMEjnyoC04pJgyH4oFLeOf/d7vFFy4+yocWub3Jzz7X/84xFu377+2yYrtTVUaj0dIHeVBFsYqA3JplgrA4+lCCmjZaVKBShlIFzJ1SXk4QgUL4Fmb2nFTtCRZqeUUBq9vbG56nq/V5S2Vi/IwztmoGq2tRqhs6SVgaPS1vG/hDwcgeIl0OwtrdgJOtLslBJKo7c3Nldd7/eK0tbqBXl4xwxUzbZWI3SWtDJwVPrWOP55PRO1aQ1VW4ZMy0m9Uy1LLirOgdBThhKrHoyVokuM3lilUpZAKZJQ8pQxVhdbZLMUrSVlKYhKXS9F0DnES9gehgAouSSR5FiKl/rAGcxlGkShasuQaTmpd6plyUXFORBbx79TloKo1PVSBFvH/ywtJ/VOtSy5qLhwBik7qDz+8Y//2te+dskll5QGMuUGu255y1sydU/pH8fsFroEW7gGOl1iGL26A0xdFJ2Skw1lo8SgOyp1PCXuZ9wf5R43dGKlrov+Mz/b7rQMri/xkNnNgeDpD0FcGsiUt3FP6R/HDHqrqjUwtFW6EzxKXRSdkpMNZaPEoDsqdTwl7mfcH+UeN3Ripa47LR2M3TPtomVwfYmHzG4OBE9/COLSQKa8jXtK/zhm0FtVrRG+v+Da842g1DlnodrqVVdpoJhLYVvD9MoZdO+ikmnpoHzD5X7EuZ2Krx44wQPcn3VXQD91ynbQaumPIlPeGFs+8wywShFBkSfoTvBwZbDPPvv8wz/8w5vf/ObB0Z0wRQZFX0s6JYBq3wBKA8UlvaUz6zkItHSwdfxnUCK8CTUVloRKRAYGQ/Nuu/Vv1kwPAyqZ4OHqARgc3QlTZFD0tSSU8kPOvUvuT02xLDnD9Mq5ouPw9d/XdyR60LmekTAKqbrwqY6KSgxEUPK2goFpq0t6DkpQJVOe6JRIMCjNjUsU0ZkTgIFMeZvJ13BKp4dQCbjurzLpNHZgS7+xrD73uc/9yle+csopp0z5iJwelHHAPR60/CRUkUphEFJnVinTVpf0HJSgSqY80SmRYFCaG5coojMnAAOZ8jaTr+GUTg/JN6EG0LF6iQoZ+1Y2oZs1T3kFW0JjoFUdtrdaUupBGQfc4wHX8tkAYRrScH9qGYITzCplmruG328s1BHXEYdrjE/ME6TnK1MLH5LPj46cYbv5euZkcaHNCVWkroSUZIXg/USrFJBtmL7aElKHpbFj3cMUeMrYyQZfM094whP0Ko8d69AAFDPwEshi6XcDQEpl//33/8xnPvOTP/mT1AOhy9GEjOvZQ8VXp6V3aA3JSJ81OAvnt2aSUEXqSkhJVsi30PHPm1C7LnR/6im3TZBJvclN9txvO2/WTNFLIIuKveQGgLTUA53qOKCuuu6xP2RfHSp6yBT7tIZkpEeDfsJQdlLESvyclcmjGHS6aJBfQFl+FQSakLvCcG3RAzAW18lKZtYjgzsRkynvssS20WnycyVSFIzyREiFdAT+zGsIA0clpqKld5BZwYtf/OIvf/nLJ5544uy0XCrNmuOwlGkd/52WlqHTUjK7CaEtegDG4jpZycx6ZHAnYjLlXZbYNjpNfq5EioJRnjjtNsPHEd6E2oHN708tNISB07pZs1qYLkHmEGBVMMoFuVSaNccpHzJoHf98yAceU3wqpUF+kZU+0a8cAWMpTucaw0bClDrof2YSqjII50dVO8CTz6odaPA1INGrpVOEKtMskilvzKTYKWVaOulvpawuR8+8Dmuhyb4JFwli76VS4iXFCHbt2vVP//RPr3vd66h0CMN9CGMpC2EjYUrdKUWharZByWImeGZbaPA1INGrpVOEKtMskilvzKTYKWVaOulvpawS3oS6rHuJE/rH/177b+PNml0kiK/n8c9gCcHsQxhLyZTPBhsJU+ogP+QSVbMNShZr8rPfgees1s8ACTfsa+gadm2EMUXgMfArExg7VgwhJeUeei8DX0UuBQOAIpSqxGA5sy1u6GyICtZcEu4BFJfjLaF9nDfz2R2wiysZ+yaRQSbrVEo/xGuuueZLX/rSMces/81TAL30g5ZewjlgyitY9ZUoRkBcBB5nxo4VQ8efnVIY+CpyKRgAFKFUJQbLmW1xQ2dDVLDmknAPoLgE3oT6vLuv3+dM7bo/9ZKZNGDlzZoPOHLn2LS+V6MrknUqpb8zpFOaogXAfMp3DB/OWrfkBhzoK9BDpkgYj/UBjzNjx4qh8O/YsQOrCu7Ibii6xvSdAe+i2VtcGcprJb+eUcelV1UFgc5VMAegFfcpZyoGLT2zxMA1vPPwrjwhKKWh9PjqZMVBNTzzRF2hvTUNei5RyaWQkoMPPvj//t//+9rXvlZ+BcRT14GnoQRa1exsASfN3uLKUK6mUV9y/BO3eRwC0Ir7lDMVg5aeWWLg+o06/nkTar/PmdD9qcMoId0NfrPmAGzuJFRyKaSCTqKUJeCp68DTUAJU8rORnRk9ZJrzhrQyCFCfP/537tyJS9porsprsIq1PGfNkrvy5lxhnK9nY3EGdQV/v51VXz0AoR2plBwEZnUGbkMsJqkxpy+Gdk9BSAX1XO0r4fWi2CfYkEoJgdJZ4HzVq171xS9+8cgjj5ykCo1VMMo17uk7W4SuPMSVsprFPsHfb2fVVw9AaEcqJQeBWZ2B2xCLSWrM6Yuh3VMQUkGd6wkX74uPI7wJdfB7KdCaLPLNmgG61BgCpbMsdGqsglGukafzkPuglw95/8NWPkEJV8pqFgtwMdu+fTv/fmO/gRPDlUktCoDHJF/PwDCuvUWU/MrUcTreNUlrcAiZpLSrIXVYygYpZclFxOX7C/dkWtUNtfvqgeNiNnDPpXss8jPvnrIlGBQQF51SdA477LDPf/7zP/ADP4BY5tYowphiCW1gykeUuh48LYZZbadXPe5DJ5mkNSZ1ZJJGcYpGQuqwlA1SypKLiL8Vj3/ehHr7juE3wKUzDvenVlW4Mnasp7pZ85SbmU7golOKLWRujSKMKZbQ1nrICoDHTnjIw7j2Fr3q8fUlDPJz1sJtwFae6Wbby20x8N4Qq6t0ZtFp6R00sN+rKoNgXtib4U9gwsyOP5dCV9nbGeiEVxldhGmgpQc6tnH2StVTXMy+8IUv4MI25WuEllmyX8rCUaUN4obaZQ4p6MdByaLT0jtoYL9XVQbBvLA38/U+/subUBOWLrrfwVM+9no7UzDlq0D3mzW3aLWDcfZKtZ+SUuzg/vCQF45ymx4yxA21yxxSUMyBJDWUQ8pzVvh/ZqdoDVcQg3CNCWSRSud65lCRns+qWlt4FfESc+nJpTIubZ6CkAL3hCpTryom/LYXoSqkuyGYc0oFa/j/z8b6OqMxiqAUQcsPqPubfYfikUce+cUvfvHVr341RTJM7M70gGT/MMLE0jBFZvY1kMWO0iq5nuPc5QT/EnPpyaUyLm2egpAC94QqU68qJps+/nUTaqYglLbtmA5CrCoBj0kwgP0P2xFu1uxkv6DeP/4ZBENWhPRg8DQ8ZJIHhipTrvn+1IAlp6O0Sut6+HvEIPeIcLVoEbZRXmNmKa9nmf62AG9hHO6DDHbt2jVFCZbKeyjzVsjYnLboUPSSFA7Ju3HggQdCJFTwqQIr0rwbBDFKeQek0J9hF6GTAVdO5upwN0io8tkgs8eGn1Z8BxSTaXTCt0VCo4PSgx70oGc84xlT3gBj8+OF4g850C9xLHestXtZn/oT2lbnRWHJDbo1vKONTqZEflyame8MjhKresgkP3ApCkZ5fTc4iiDFQB4ncnogGxsZAO68KyLvIVFarsBvQi1YLUuz5OO/dbPmhXQal8/MzrJ3Qw+ZE8o5fMhTspjOw6m3pTyXESttXWM8JmPTNErv3CUSxlz1Yo+WQcm//009QFGlfO1EWrLpWyFzstCmESh2qE/9iU3vhm+Lm5iSBTfyptlbEE+mRH83pv7q74NQV+BQDCWmnJzhtvLYMlBMmGZ9Gp3oP+QpSvizoW0pCDFgjHXqT2x6N7SVYXu2RTCZEl+PbZFSn/oTGDg5rFHtkymxZA81BLQUDwDikGrNBKdS1wXFUMrObFPcDxQTplkX0hm4beipuoJnitYYm6ZRDEIMGHPN53+uTlbAinnbtm0+iIFwhfGxxx575zvf+YAD1v9sF3S3CYkIyq4pWoOK6+i6y13u4l2OOz0+7rjjtC3quosxAzF7l2Si0u1udzusuhWybzRQljgEdLbl8LbLUzLCRq7ajQA2DUZ7wc1vfnN6aA5MpgR3w7eugLvBgXy98Ha4NX8hnA/KbfXxTSNm6mtAmwiEZx7IGUo+wfdQmyu3G0T0lnuC12uKEnkPCeZoN/yBa4uTbxV2TckqKvH4F9xhf8iifMiCVQ7JaKB/miFohKF8olo7D3wPw1ORmS3J4E4XCdPrieYsH+jOYT/G1NeAi9nQrxLoZUlivyqoBL3sJV5asen3GzuooTVlZeKYSmHgKWE6y4bMhP5OVza0WpYoQGIZKA7M6i1DJjs7vWE+VikiKxmccdS7xJ9R1zhmQgoD4HqGpWDIopRW0EEGd7ZigFQKA08J01k2ZCb0d7qyodWyRAESy0BxYFZvGTLZ2ekN87FKEVnJbB3/U7QaA6RSGHhKmM6yIfOEN4RmpXloLjHAKkUEhR4w5QlVW6unUoDHJCj9VEAPpfCGkdXyXeQUrcVSykBxhlUQYqYMAq6P9qlXKwOPGQSoj8YBisBjwNRXBkEhSl0PHif4fRXBk3FDy+MEj9Lcm0sMsEoRQaEHTHlC1dbqqRTgMQlKPxXQQ2nr+AceA6a+MggKUep68DjB76sInowbWh4neJTm3lxigFWKCAo9YMoTqrZWT6VMKA+F6DNY6hhAv5px/2yvdiA7pagqZRMs6R23s2gTcsovhTEDElLi5mzIykI0TQHjsG6CDTW6OTTmOVAkhqqnLU+mMyTAUn/g7OYC7p/t1Q5kpxRVpWyCJb3jdhZtQk75pTBmQEJK3JwNWVmIpilgHNZNsKFGN4fGPAeKxFD1tOXJdIYEWOoPnN1cwP2zvdqBwulSUR6hrt+2aNkIqjRwnf3NN0IzQbxwWwK20tnSiZfc6XoJDK3HFXo3NHOK1oASxH7qjK1FtaNrFZ72uxY+G0Ri7tJApoQ/22H8qle96stf/vLZZ5/NdCFoDzNLWh7pDPqjUA02BR3c04o7wFY6WzrxkjtdL3FzIOhI+Sr3/+4ryAOHbaRpUzQSUmdsLaodXatAesvvOvTVn7z4uAv3Wd7ldLpIMJQD/fjfHGhfMqHlkc6gPwrVYFOQKZ/eVtxhsuknBqFNqQdLjkv6cxfPWdKdLIYuKrIxUArG4kr1z/7sz9797ne74rjCOLSXAfA47yEDx3cjE1rKCRnYwL777qs7MktnAEbLwJSn4ddeey12/sorr5xyIzgXomcjtPendV5lx8VDDz30C1/4wjvf+U6m+UdeGbaPswfKFwX6FI0o7QQZv002lWD2VLuRB1JxHbFSBkrBWFypOlDCQ3YP49yeA+AxyQ85E15lEVpC2jpEYSOKpTMA1AFi7SFLs7BL6IQ75em2y4HQHtIMDBqIuPS7GAybOP4pBoLO1G9CLUNrAmG1ZQ53tQb56QVhCECslIFSMBbH+1MrZ0BCKlrHJfEujztnuqAQiv1tkbId3P3ud0fv3e52N8T0yNnZYgY6S25QHB6Xe8g97nEPGLAziFXNAUHqJSElBIB3ZD755JOZjvaVmR06J4spWoV6qA7bG0Hceb3kcWa7iBrHGVP8Mz/zM+i67LLLmLaQX0DxY0MEZ25cArvK22QTH8vd4LERoA0roVjSrxJ48rdDoDUHOktu8BggbT1k9fqrrPY8x0vAD1EvMSCeDj2rVRG+UzrkCTzhHn/RvohV5W2XDzlhz3Gbg6hSRh4nKK1bV8s2zlhv8bhF9owzisYgMm3dhLqFDym3cuYddvlAeEC+nrGXVUCxJFbDtT2U86zOcVn2cmUXPtWVnhbaFmx0dvyhhLeif/qnf4pgbJ1KDJQCj0GnVBLOxbmFuwHdS9kGgpj9vor99tsv3JE5z3HF43A98xIIqWjpIBwbhLGUwWdAKY8oopSBpw94wAPQ1bkVtczAUwQ6NjKykZAGfKan/qL4BMSednYjoEZvD4SS0qFz7SFT5Eo8Bp1Sn3wcOhjVeZVJuSc8RO9///tLKXudPIdKfw9Bbpyi1Q8Q0vfYd1u+7fKwsdHAADD2kuNKHqgqA0+DEpCBeOpxJpR0S+4SmRmE3iwiDgNZLT+fObDRybVkKrU+q7Y683EZViKFQf+8705Pl3wPlPqd7nQnNN773vee8utHuQkSHpdgi3ajNaEzOSAnA2/kHZlPOGH6NmDJX9a8FSjgqquu+tjHPnbnO995Ukfc7LHIopTWs9EBvfy/sPFeB/vMUUu2e+yxx6Lrr//6r6GHkqeM/dnwF4VMhVVaukNPWIm/KFQQCKR+iKrKIJhJSyz1wPX8duhvQtXwkCkSpOWxMbvzOkTlZNBpZKk8/rWHUCQGXFdcXs9AvtN0a2wL+AX2uXXragDDFI0wHfsGKBJPGfuzIca+gSlfBXrrJtSCvWElUiQi0ECViJ5e6qFKWmLUkevR5nJON3HOAqErjCUUvbTRbWnCO9/5zve9733lq9ii3KVMsPUfV96NhVsJlF0SDzzwQN6RmYr00NXXgwigtJ7AVos/G9mDOIhU8qtMA9fA2DFV/+3f/u2rX/2q38BvLA4M1pEc+4viVTB0JmWKRrKhxa50m2xvRMzdCKLWzREmKMjbyizcbrZJyQ+Z0MBXefb3QUrKfZOIQASdAUFa7mHoElB0/IcPEGrRbZepO3ks4iBKET4wlEhoUcxgLA5QBP3YFYDUlXwT6mDYEGjUwDCET2/4ce4mWO9VxKA1FHo+g7uZcVbyOcvJXQBp3hYDJ/defvnl6OLPKDLlkED2tLq0h9mg3cB3haoI3JljV0SnRMIdmd2PlSgeHGka07G+roc0kEv+erEaPDpBuL7k2CDh+vrP//zPaDzooOFWTOX1KePHBszZTyXrpPS7yJgrXxR8jpQiwiHqXSKLwUDKXiCl3FafzrSAdAblncF5/PNVDv/ikGNXRKdU4n6shLH2kIqQwXWl5Q/EWAq3XR4rA4xdAeXxT6T4QODOcPwTGhYe/w7M2U8Fq+67TZ2UfhcZl0o5kFzy0MNaT28eFYg2PBHl09SidY0pN0ZQKs9ZrRbp+h5gClBiVR4F4rd/+7c/+MEP6kGNHcNbLSryK3BytW/LjwslVrkb+cZyHi9B/tCIVIruyMyUuJ+xKyLYQjpFI0xLAwLgz4ZKhIYpGVHaOTa0MnDwxOLD2Ve+8hVVs0fKaBliHRteYrA5OnP8NtmTtIYfG5ng9xQxU4kKRFC4re3bt389jv9QDcchqjRg1atMZTnyh0akQQl4lTHW/J0SbCFl0PoAgZi3Xb7PNce7DnLaNwi/dTU9Y2ttJrIxFVKG/tWqlxgEdN/tPrNzAEt5oFrKj7/CU8RMJSpYR9/eg3e1nNPy7COCX5Tn/SlaBbpKoYsloJQBYfod3/EdaHnwgx9MMRBaHJZKQ7khUj4ucNlll/lusIWr2FBKskgFa74jM0RWCeMgEpW0OkHxFDFhuuTYkJkgzX91ehZ0nX322eh6z3veE8aG+QJ6/9gA8IT2nJIpT4SSvygqzR6iYYhgCShlQEJKwrZKD2GpNCzZkOBDPuqoo6Z8BC2zZ4AlW8kilZbZdcZYX/3qV+fvlLA6UPyE6wbEQLddZolrpqwiDQrw+ziXeAtjKXkaaekOPLTpJtShiwYw5YlWKd/V2p3h6W0NYQkoZUDWU75xEyy02nhc8ucGKmlCMCttnenGGYNHTikgdEkXUhS8/e1v/4u/+At9KiIseRxolSR6dfROafiL8hSBdiO8KS4pqy4y7g/xOzKL0KLUA+F6C7dlc/96FtAxU3aFY5L4FvnMX3fddZ19DiU/NkCrkbqqwaYqodg6/g8//PD8ouRDlMFYXFcYMyAhBS0ngVhuK9MqSfTq6F3XPcaq45Cpjv/OsaEJjouMS1uf0MI03LtcyJDRCddtMuu2y1AkzlIe4STfupr4cMWdLfZ3plWF7jehDjamWAnF1vGvNNzVWowz4tsFoCoDElJQO7E34clluXS37gniZLE8msteR13jdppmlW5xi1vA/7CHPcxFEHpzKRhAqQQRqT8uVW9+85trNxwZGLRSEtJA7gW8IzPOoSyV0Dklq3NcJ1lxQhVp55zVoXwOHYkICOLf+73f+8pXvnL88ev/FK+SAsKYL8rDH/5wF0WZSvRqiD0VLoYXxY+NsjdAz7CZtlkl9yDWtkJvsGl1SiWIrZQPOdwZPL/K8oeUhDSQe4PSgk7toczUGQsp4QdixP1L7jTdYtzy+m4w8IFeJUwDKikgErV6QDzVTahLc4g9FUHMN/ImspVPL6Fn2Ey1IaLSEOBK1rGCUA0/HQrVVupXJtf75PNjv/FXfuVX/vIv/zLcntRbEPcn6Loum/tzb3kGD7vR2WIo5W356oEjsbwjs4CNTHkaHpDeMmRmz1lEJQatYyOkzrnnnvvVr3719a9/PdPQUsIXhb8MCTrDA8ETGsuqQBpelLAbGyXM75O3hfb+hI0e/yXhIbOr/E4JA/O2fPXAKcUMbASx7yGVjHQEnRMuyXeaZrsPYQBUkihFqwbK0yHM6RCcpT/ckjt4QmNZFUx9YGgns0+vCI0F/JlY9rniO5HPWYTfCe50wjmrRWgP3wOt4WSvvfa6+uqrL7/88ilfRb3ejjjc61bprl27Qkn4zX/z4+Ju3O52t2M6bnBCigLF0+hVsF3sBg2AZrU4Eh/84AfrjszB32p3Zdpw9ZCnaA1/oqbmxjkLtDbKNXf5fICYKbaFFvC0pz0NJ2v+ZiOgyJhQAUzDi+K4zYHIrQNunSvQAeCNneNft8nGbrzkJS9pHaIgtyPmRkHYDTwbDDIohW8HTWZAPGWg4UAxgnwcktAudBxCJ3ofjJge6oxLQpWp76HQHo4j1+drzaleFClOEPMJN3fptsv7HLQ9fO178A6se+2/LShc8bX3AfGDHeZrIGJtLsQKFBMqYMpHQkqCTTehdpGx9jYEfFz7HbJTigwohbta+1ihp5fVvGmSqzVwtC5pWVx4ZSLysCv8ti7oD/EznZz9CUz7Yx3ML+nf7pa92ErrDC46e6ISAk7OlLfWFVnU++sW3pLbp60mljwbIDwb2nMFozzgSn4Ox8EF3NYwzkZl3JCdXipjMW01od2grYN7xi0MTPlISEumrSYWvigbYupPYGDe1SU7L09+lVVqTcZKpADuT4YP+Xoe/6AUyw8QYccIUjjLr2f85llB0RdKU/9IuQ9AW2wZiBuy00tlLIIY9llfCx8Xp4EpH2G65POZGssJK+jXFkrYgJWB32laJa2OK961BPQC3u+47PLhIKRASlmSON3Cdg28n2Vws5vdTLGgwtvdckLn2WAgXAkloOHCt5XJE5xxU+u7AaiDECtloH0IO9O6+S8+8dx8vOE1KV9lbaJF7pqmr4Jdwm6EaXn4ckU6AsWOthsCvSjs8tUJSrmJFjDTj5UbDfDZmJKEP1EKxDC6sTP+unvMh+xdeQIVrQzEcccdp+/lUCJBLD2A++P7RvSigGHbthuAOgixUgYhFQcevcdptz1gz/22uY64/Bhw8iX7+dcpl+7P4Njz9pEYvlCamttwQ2FzeevLFekIFGdYwqoHoi8qx52/r4v6QtUfV2cTu47ayad3ym2XWl1BX0/543Vez3xEHpQV4aUlNgZYpSxEjWXqtCZDb5Ucedw8tq70ZsXplAQngClfRXon6EAP1llzNoSubBAqZU9+nzQMNSZ1JKSBXKUivdMeSp76kLw6WRFeWmJjgFXKQtRYpk5rMvRWyZHHzWPrSm9WnE5JcAKY8lWkd4IO9GCdNWdD6MoGoVL2bB3/jkoMsEpZiBrLdB1IhWqw6mum1INYTuiIfbIHijOp3Wmtko7FYMhj+8M71YzMIRimrAVaicdkiQL8Tcz1pz8HVeIp4xalgWIuBQUp8RioysApRcGqr5klY8sJHbFP9kBxJrU7rVXaOv43RH8OqsRTxi1KA8VcCgpS4jFQlYFTioJVXzNLxpYTOmKfwqMXVbVgcp2xFFCKRHootdKgE4p5ZSCoOPpuFJPVzIpd3BBszO0dpdxWKTrBwNTF1oTgUep6gKWOgcwagG8ux654SkJVhBRQwSueS45XETOVmAPiOmMpoBSJ9FBqpUEnFPPKQFBxto5/EjxKXQ+w1DGQWQPwzeXYFU9JqIqQAipbx//Atm3DD4Ulec1jAkX/rssqVgYlKvm/BvdbCA2ha6ysB4RpOVAl4mLAxdG7biZMySRVA6kDxQzGYiRXFeeAhNRBSdWODajaeno9ZgByrFVBHshVuBhKQEouZcohSxoBbHKGFk9DCQxtq42uZMpSvwVceeWVeBrD/7+oltDL1J95wRJW4qLI2wpmwhTwzuDnnHOORK+O3gHFDLDmPfQqUawgdLk5gJKq4f8pCpRDIGpbMrgzx1pDijWnpHQKKbmUCUP4KxX8i1yB8pcz1aiAeBpKYGhbbXQlU5b6LSQbpIQS03UREQj/z1aH8juH6C3h+vQ1Ol0g+4l3ZU9QZm9BC39oCSlwj1fDu92N3u6W+EAybm0dKlo7jPaBKV9r6d8Lm6gxvyjUiccZVd3Wf5Wd1vDORlnyNafOJjzXk9bxP/uiuH+vvfb61Kc+9bGPfUx/1IN63kNX9Mxnm0ApVPfee2/fFnCPm/XQDjnkEL8z+HLKY4ObE1S0gtYRNdoHpny1sX8cjn1TowIQuryU2WOfbbqd9CSN9LtEy9ZpZ8lXT8uLFgP+td/yUhfmXE86538n35+64+/sYW8r/T1w/FVHlxoZA6UMAGJ28S8Ls+RrQKK2JbOCcs03a9bqZCUggzvDtHy7W5SCxynFFuOkaRSDDnLqHsRqKXvlDy/lWFwhiGr01AlnBAJbdgLqwkUGWpeTe3fu3IkrxFCrqpvAGxErZQyUMsg3hs6rw+fwec973pSPyKwgrK1nXqsjpdwWkMF7NY13Br/VrW5FXaAkDxWn/5kpoFHl4wrQyZWoy0XhfhkQ5G2F9tByuycdWd5OOgC/WhzqwkUGWpfgn8/CBF3qgo51E3gjYqWMgVIGwEXd8Jqi20QWZVZQrgO8qCKXxMBXBozLV52lgIveFcyeDoPGlCu79Pf1KTJgLAUg1i1oXXdCl1JCMUA9V8PtbmXozwF4whFzpeItoT2kHeBccr9j36g/vb6h2Y3CQI8C0nmVAc1gylN7oFPKZPOZZ575mte85tOf/vTFF19MhZ5hkyMUhRQGvjJQHGiVKOYXJZg9RfxHf/RHeA5PO+20STKDB4ylhO9K6YHQpW1BkRig7tX73//+6Ap3385BQNezDR3/y6+C3hieDSdvlAFWdfmoEhgAbyf9gO87cVJtlFZn6BmZ8jVlShKdUqa85QrP7fl6RkbLOlIY+MpAcaBVKsV8w2u3jZOGNIg5YCwFTHH4czgeuBsgBeFV18ogQ71zhDmcA5iyK1/PgMdgbBoIN2sOwDBFFjPwEoESRKbSyxtDc+2zxAOWDJQn3IOYhzJAiR6HSnhRZMt+0tLF7KscJiClwoCwtDnQvv/++z/2sY/FVQR7Av7kT/7kuOOGW2+wygAwHraXRAVeAoM1mbUyCGz0xtAHHHAAPvTjfdKUj2iybyJszr9T9NJnvEvbohgGAihBZHrs2p3BKQpWQ4vwY6PlCcC28IgKmw7bki6yAvJfMAlknbeTPvCY6SPasKVGLwlV+RkQljaKfz4LhOsZYTxuMIoKvAQGazJrZZBxfckNr8mUjyh1PXvIlJOYjwTf7Dsm+sGUj4q+30IJKHV9dNVHs9sCKO1avQVtNgfFU8UIXC+BQdtycyt2+sNRzYZwksoG3YOYJQaA1QxKsycLx0eVY/PA1taht0od2BIaPT355JPf9KY3ff7zn8c+fOhDH3rRi150yimnlCf31tZLHaLrpcehHyD2e2GHklCK4Nxzz8XO8yY40gOlru+vKV8jm6VoW0yBSggUZ1DyO4NTYQBasR8bneEAVRnUNXv8C5T0bPRtU7RGOHoD7lfcv510a+vQW6UObAmNSnXRchHgefMSaW291CG6Xnoc+sGUWwvvT41P5kyJqqHFU6elg6GEBwz0D8KEPVoZkIXfOWVXOFbcoLjfNQwdmfI1XClvkktkU4DH7qlD0VeHSmdbHcrNAW2rNEjM1cvX7kEcSkxbYn5rEpwlnZkLzwjei9iRwmqL0vCIRzwCW//0pz/Nz0OdIaE0bC8pvjJwZhWkelEmqfJM0Vp86aWXouX3f//3KZJgI1O+xsKfy6kRgW8rDwQUfRW8M7j/IdNZ/NgoNwe0LRnKLgUZltTFNPglBr1/9Aq1M+XtpHcdNXxECwMDqroNsSOF1RbZkK9n8sxez5BmxVcGzqwyNq0o+f7UblAcukCwkSlfY0XxpGXFymDhqw7oJ8u7HD8uCUSuIqSgdbNmOrHyGrYQdrU45JBDOttyqGSdqEookpCCbAi35BbDLDMzpgj6LwoMIQAeZ/JA+rl23joQlRC4WSsZHBWnnXbaL/7iL375y1/GPrzrXe966lOfesQRR7Ckrv4EkKtUxr5eY6b1onTAQ8DO57++yK0DxhQJ09nvr7F7aucutbYVYJeD977hzuCBUucVN78PJvSzEVAE5eNyA2Badg2zTGdMEVAUYVsyuDN35dtJO1S4fl2Pf1609PsgbguXOi9lcpXK2NdrzAT/whtel3DrgDFFEtKJbM0+KuGdoGwIGDMA1EnrWAlIZ5C3JQMJKaCi+wKXBqKUwSzeRZjmG0MTmce+9UaPQUjJchH4PYg7GxLS/dueSr8F32MICHXCFGt59lnOOLjYAYqtqmD10EMPveqqq97//vdjT/793//9t37rt44++mgahOaEgZ7mbVEJ1ycfxZjB5u6TvnPnzn/5l3/B4YQAabCNg6PCIL+UJKRgGDGyY8cObsv/Bb0DuxCEO4OzxMDxKli+h0CiH1GlM0APu/rXToKYIO4cvTS0jn/eTvqAw3cGfaPkyYRiq0o6H8I6pTDQ07wtKguPf0CdhPtTh6qQziDYkGZlipZQujvHyri5qSX0tn60FWyCun8PEFYDudS6WXOwkSCWnpJx3m7ltoiP0nHg4hJm/boHMZ2zfhn0okCZ7XJKM8RwRgg2pa6Xo0BLd3xg8CO92c1u9mM/9mOf/exn9fuNIDs7dJxlaZw96bP3wqaS9V/+5V/Gc3jppZdO+dpYMkmrQO+ci0WewG2F7+XgyfCw4Z3BaW61uO4H2yQtYMnjAr4bWPtd2gH5ycJtAZinaGTJ7aSBUteDR7R0xweGixYUVTf0+czpOMvSOHt9lxiQfH9qGoJNuI5YTNIqsZQvuSwrcPKrLk/pJ+wq/9VNLbnXu3K1ZJw34DfJRcoqUBwCrFL60AmmvHFD3utD6xVhzICE+x17NTgzeimzMyizo0ge2GlcOBM2OuWX0sKre+655957742g3+KM46ctMugjj/z+ojhyCrUwxnrnO98Zvf4TbOqylfgz77CqALjo2xrc3U0I3hm89SvELbSHU95Fx7/OANq3zk6Oj2Coqot6C/m9i3tIRYQ0E+5PLX+ncXYmgY1O+aU44aJFkbBU/upjieYr6CNPy59veC28JVcJ9Va1xj895E4pCPxYcefQ1t5k51ghLir2LidMQComqXGTXDdkQnUYt6aEkoCOp07bGjsGpnK3USUGSomLwemU9yCeokQotb7ttVFQXlnJJBnl61U6KaoU0kDQPW3FoDUNsFT2InCdeNUDdyJWyhel9Td3vEtIRPD7v//7//RP/9T5bYswAWn/pVSQG31buSpFQb4zuB8hY8fAlFtjODbcxkApYZq7GARcR1wehyC3Q5GoLiosLTz+8/2pRXASiiqFNBB0TxV3fqjYKpVzELhOvOqBOxF76vRveE1cbM0RwYBUNJulB0M+VmjIc1zJXbzPrK/E74TbOi6Jzw9bZ6pb0GKsb0IxtsUAuAHo3sdCm0CgWGhbJdlPReu01bQb2kPqXkVJt10O8324E5T+0xtQL4NwFmNQDmQ1bFqoSihOj3BEDxmBHxuAfnUBj0FIScfvoKTtMhDhbt3+0uhFufzyyzvDAau+irPPPvvtb3/7fe5zH6bjRgr8ghee+Ty2FWtbFKfRhxxy2GGHTdEIHhcN4c7gC0FvZw+5Eo+BurJTQAx668DO7d7b6iKyMcjHv24nHWBV7QFVCUVHYq5S4Vp+CPOS/yiSAcgzhUrZExSmLVu4P7Xwrty7BO9aj8uJSMmUG/lVL23AdXb5+0ekJX4n3P4RRoa9bOyA4OQMtjVFCd8NEGJPHeqtKimr01YT/T2cmhfgG9VO6ulVFYHHDAhLQDGDsTiAuPN6yRne8JaMj68gvCgOdC/lrdBAJqkNbdNWEwtflLAhzpyStSpFQJF4inganeC2xu7eMw9g8ABPjj8/FIcpc9sidE7JKtTLaj7YluCPyxv7Q/KzkXuzwi6do8ImkBLFDMbigMcZVfOR2WfY0oKthIuWb0UljgJToc3kW+AELVvQx3nrCmOKgCLxNJQyY3fyzLYR2Mp7EPdB13HHHacubmu6rWzC7zPLLr03JLO7SoOv0+h0W1tsa4pGvKrbLnc21yrN6tkwbXUV7A92Y0oS/kSVYCvckDangCx8KUOXTwulzkA3e5frgCkeXXilCB+y+4Gnmyu1mLZqcK/CYeOULwq25ZsrN90RsVF/NhT7tvyZZ5evotyKQJWTgbbCoPW4pmiVUsce9u9PHYAH6Awwqcvgs6HzBlcPSlpHb+jyaaHUwc3e5TpQ6msgiEx5i+e99l/5EfdsaaNsussbyyEdcWiea1+Hv4Ll/z81+4FSBg7F0dWbXlaDOM6INiq+euDI41WJTJ3RuKIzDSIYjetiaZiikb5ZoNSpglCVP+iEVTJJa06KgCJRGnTgitsIU+FKMHgMQtqh5WwNXDjZbbmFSvAQpQwciqOrqIqyGsRxRrRR8dUDRx6vSmTqjMYVnWkQwWhcF0vDFI30zQKlThWEqvxBJ6ySSVpzUgQUidKgA1fcRpgKV4LBYxDSDi1na+DCyW7LLVSChyhl4FAcXUVVlNUgjjOijYqvHjjyTFX+KoFfzwKTL0E9V4Mim/SslKjKIJtb7aFRQfD3U5JFjWqV+sjj5iWNoGNDKVdbolZn9A5M+RpSGIRUIPWSYhJS0DJkZws6fQ2B4gxLeS1plVqNQZFNelZKVGWQza320Kgg+PspyaJGtUp95HHzkkbQsaGUqy1RqzN6B6Z8DSkMQiqQekkxCSloGbKzBZ2+hkBxhqW8lrRKrcagyCY9KyWqMsjmXntZ84mlAbhOG5mkkd3tb2kLKtI9bZkzLV3kfydwOu0o9atT1MY9pR9i/mF6drZ6p2gtzooHwOMW2QOFKKae6ZRINgRl1uC0evszkVIJeok8Y1Ptd502MkkjW8d/6Ye4dfxP0ciswWn19mcipRL0EnnGptrvOm1kkka+Acc/CmTKV+l/Vzj9qjNubamZ0N/vQnX2fxN2PQRKxaad2QBmxVbcJ/xTdommIWAc/tlcBkHF9ewBsoX/Z7Y0OzT4buQTHAjT+idBxGTK1wgKPWDK15QpWWVzx3/+rQRn3FpvVIb+ftc4dTJ47LgeAqVi085g6Dwb7gxx/zkUYYtll6oIPGYAdPROeRoLPBay6cTta4ds+HY6/vuMW1tqJvRvrCv3hJipB+XNmlUt0w7ubPldzzf/1dG8pH0J8ncatRv77rsvnw03t+KS8ph28oSFJwuAVAq7cBXseIQUBiElS84+alfjki6hp3fKF4AN+SGq7SpwKHopxEw9GCsrNoDUHxerS3bex4aZoqU7nVuoL2l35O83sooVhO9KKHo2EE9qAz/+y2NjdkJ+5gXSluJ7SMWRwiCkzs69d+etq6d8FbXnxiVsoiu0KC1HUfRSiJl6MFZWbIA3oQ7V4ClxZ8u/ZM5AmOJtiD0VFMubNYfVA+I6Y1dCEKDOm/9ilQjC9wBFxsTTshTEWfwexCA/G6CcuaENuVn7yaBzsggK0412LaQ1UCmCUAL+epUGwVL59M4Supa8EfY9QeypKEUAPT8bCHw3XGfsSggCbihjwG2dcsopLgJPy1IQN0r4diD50w+Y3VA4NigC7aeLgGmrCzCV6GmnazlsvPyJR/itq31zikv6hn5vn9D7dT3+WzehDmbXGbsSgoAbPGYwoTx/wPQexYBxuFlzwP2BTgmEKlOsCsqb//px6aiLaQmqhDHFEq+G3eg/G5tj3Kn1LTKWwofMnzdmW4vWE5VpzYHuJT9neck9mY3uBp/e//gf/yNFUm7Cxf3333/2RZF/o8d/iR6Xe1q3NS8JVaZYFYzyCl4qt1V2CVQJY4olnSq/HYJh+avs+HPoAxkHRWL5zM/S2cPWnGGTq/vAgLeuvv/3rtzpt8U4Y9F+ui1ckMoJLi7ZhDzX8/gPN6EuPaRTAqHKFKuCUV5l586d2Hs9ADcpzp3Zxps1n3hi71O26KeCequqm/8GW3lc9kfNUjZSLO9B3Ho2fM6mdwawVxP8IUsM2yJTPpK/7T1QvBwO5A8wyVRIsMQ1vF6dLnH11VfrzuDDZlZb8gQqelHcMDSPKGUASpGUNuBx+aKAfAv1PJ9Qb1WBG2Rzv7YVPBulbCxF/3ZwQ3iVwZKdyV2Eva290nE4SaNIpnwV6uH1aplnYW+4dXWAw7kGSjHgHsShJaSAilYGhClQygCUIiltAHF5E+owoZ8K6q0qcEO0eY44llfJ1V2rN4YmnAM8ZQyYAsUMxmKN2/LNfxmE7wHpQLGLfej0VTDVjaGlgPBseKNiF/v0najqIc86teJ5K08WYYK3tFC1HAj67a3zSOhiyvXAAw/U0zs0jCjOAQhdGXqIWlr0q4SPy/95cpy6cltzohKD0VvjNgVjpW5sHYelucS3ErryECj+7SCQ5kM0t2daR5Tjcxj3j0OuOm+IsstbWpTV/q2rW8Apc+hi6itBTBTnALhY4qW+E3SqvAk165wDxkocyxQoZjAWa9ymYKysBdu2bcNLKxUMRksJFV89INdee23nZs39XpCVjDyXp5v/Cv/OoV9dLYIhH+vjpHWPYu2GV0m+dTU9w6BkDrhBcegapqwp/q3oeknZ5dDg60JaA0E5h2JnN9QVYqytO4MH29C2BlJ2HXvsdGsP6U5LDKsHBKkr4XGxxLXcee9tscQDtC2w5Bbq9Ivlx7+gsqHvyg4y+HMYusYxk+IlxOW/1Qk3O76HSH3dHLx19QFHFreyIxIRZIOLIWZQEmxD2xrUgeKgk5YYVg8I0lO+Y/hw5jehFv1ekJXMvCccu2hYPtdXUN4YWpQtG0WNvPlv+b+Bt86PGd+NvEtLdrK1G3hWD6luXR3QJjrbKksQpSPID5lVeUo6Jwsnj5IikYGfEUIp4OKGflOAOlY/2GT2rjyh1eVALPUAPb5mwovi5iXHRknYVmvTTue70tvzqCXD6ZFTt+QGEKWD8rtSBnc6ZRcYZzd7/TicpDng7GxLK5EiUQGgDvzW1QFUp2h1jsgKoa5qmRKPSVCyAUAs9QA9vpLOTahbLRsiNBZzcORhRUE1xkCpRCpOEHmz5qOOOopp2ZIZZw9O7oxotZc3/1WvH5ea3MKrMmslY7GAu/GQhzwEMWxh50F56+py4HKxxL+BvUtxEJnmb3sFm6M8I/hMxmErYTcW7gNs4WBz8hAoFNXVOtjoBEolUnE6YvlsCD82xtlDy8LjvyQffoCTy+OQ+CZoZqAUjMUmNGC97LLL8Hhbt+TOB5vTEvvPYQYt3oVYOgMwWqZ9loJ1o9sq0UzCW1fvf9h0O6ew3UC/GpCt9GcRCkUG4AY//nUTaollS2YYPTpvgON/+/btre+EKRrJo8uN+c2aaejsU6cEUKVBNinh5r9EtnxcqrGFG4Kzk/pulLbwbOh5DmbR0jugBfhDLl9NoU2ErnHM+tYZUwQulrAUBo6VgWFENYRx6zziToc61nyweeC46F2g9IOgZ9tsIz93+m8lOGE3MpjDURoohTEDkRVx+OGHL9wWYwakk4a49e3AuHVsOFlvHRsCLexSL47/TpdsCgjS8Nu5XMloiS1O9jDQravLIR5nWlXqYWBIA6VIWqWgZ1tWeBPqbdtXznKt+aBTAqjSIJsUxgxEViapKDTEADwA3zblzZrDhJB2cCfi1s1/hY7mTW/RQVc5J+9GsJHwbLin9Gdky34p+VuReK/rJH/bZ08AhnC9VAuC8jwyOzN0+UAGoDWkf7DNdgVDp6s1yoHHba3HRZC2dj7gjYrDtBL3LNxWBkPCtpgGcfaW3Hw2wu8cTlEbfw6zX4qXEKvLDYpbhNerBEM6x79iJ9y6ehYfyACUkzvQ3+kqDZ2uzijCm1BffOUhU54ot7UEdyrute/YsQPlnmNub8buQcEabgwNWOrghn6M1W/+6wYCxY9mGRRLcYKIQzaYEQRFuyFdJWdDz0YoMXWx1dv/JygEoZFp+LYfXYUtiBkZ8hkh90IJYnkeyY2CJa5HHXUUn14XSZjgaXhRcm+mMw0gpeJreHoz2g039GNfPRChRWl4ogJBXHL8h6BzS24aZp8NEEpIw7HR6g06u3TtRDUYyjR/E1EP5owM2Qkl3LoaSrCFlJQiYUlrSLESj0FIndyb6U9DyptQb9sxXOz75owb+rGvHjRRg6xSmPaBDd8MD37wg8sbQ4tdu3ZBZ8kNiHnzXxcFuvzmv3mXqOTz49SfaG0LCrY1JWsGrb4b0wa66NnQBAYA75cR+7aIDLkExgFDl56B5Q8ZXaj6ExV+IObPan6GHVbdkwfqgQS081h95zXNx4bYU9C6C7ngQw6wC6Mm0xqcgJXHhitMQfmiEHTpYlA+vWJ8HLv5zgNsJWyutS0YtIfCu7gVJ2wLtLYlhSBFKZgFSv1vB3828CrzgUNBL49/zhEYSIN3MSWaIFsgd02j19BG87aWf4Js7YMrjMtbV5ftSvMQgtjTQKdUkv1Uhm2slaQwLdFNqGHT8U9ajdBZckMplsjpDAo27/8Q5aaxZSUNawcacHyU9O/wO0UJlLTdzg7k45LtmU3vBseWT0WZcp36E9dzN0D+BqYngy7tUniifM8RewqkaGXg+G6wOm6zwJ/DvPN5csmwB+bk5Ay35c6FXVOU6Jc4FptoPa5yT9ie2fRu+FYCkymx6W1Nc0fCdvWQN3RsaMiS55C4wi4/sMfBBa1tQZROpGhl0EI2rgwyMjAlLXNgGLrASY87Q7yhkq8dZGhNIGFOMIQq6JQmUAC4qinVKpT2q0IKb3Gb8Tv84m3dFI2oRB2rDLpJLuYTpgHe09bvM8t2oFGE2woi6e/hNLd67A53EjCd+kc0E0F/N0qdXRwL8m18cxcV3XcbtG7IS7TbgPH4UAYoghBjN3QPYsJNZ3znZ+8LPGzSNgRCCqBwMh+mP3xsaxywPo0BQEyP/GrnixJgdfam4dxE/+kVNE/9hralfRNQwOxuBLChcluaXz5kAEO/xPkZbhEg1rPBFKsmhMAHogtHlB/YhEOEZjJlVzgOOV9bIWFb/nr5JjSfUAQhJlN+vdGoPDakQAqDnAaFZJGBe8DCqshKh5ZZ25LBA8I0ootZRj2hf0nc+uCJwPUSGoKt01X6yWzXhui3hN0IAdasMAUeg8E6MuVt8+hqzgFBmTU4KIlJqghVpblrGFSZfZ2ltC3sBcHZaVQJgduWxFvHfwiwZoUp8BgM1pEpb5tHV3MOCMqswUFJTFJFqCrNXcOgyuzrLKVtYS8Izk6jSgjctiT+hh3/3PCUjCj2QHGLWUMH9Y7bWZmTlRJ5GCxpERsyz4JpYWBWFsJGMklrZMXxluzMihj7epMzwd9qlz5rKGG171lIOcRFxR4objFr6KDecTsrc7JSIg+DJS1iQ+ZZMC0MzMpC2EgmaY2sON6SnVkRY19vcib4W+3SZw0lrPY9CymHuKjYA8UtZg0d1DtuZ2VOVkomj66i6oHiaYvQFXAdsVKPiaehlOG+ZcapcY4rIpRKD8mllhL0zswS9yNm6mtAJQWjHAOlJah2DK3nuU/o6u8AmN0HVt3jClYyVlagqNLoiragKN06/sHBx+9x8wcdcvrlKz8szeYwjbRmtnA/Yqa+BlRSMMrrwSEn7ImdP+N2xS/FiLG7GE62jv/sD9DQsrmOWKnHxNNQyiw8/tcfw4pqGwgB1tZo0prTp2WDTqY8oRKD0hk8zmw7lCB62imJUszoWS1nYg36ctTYmdAqUc/VWcXT1pBMHkKUMggEfdYvnviLp/MvgsMZzEpDgPXrd/zv2HP38BeDoJMpN7jzZ995+ot59JROiRfe92C08Ot57zrXS2qn57H/9abSWRKedkqiFDN6VvWiMGU71iVzws4TNXYmtErUc3VW8bQ1JJOHEKUMAkGf9Tv0YA1mpSHA+s15/p9wt9cYj8UJ6sBjIiWXAEVfPciEUt8pJinRKkl3wzDI0vKV6/gzrHY844DehBbqyu2t0pINuQcx05veev/v/i83fdmHLsDJAqcbVbkyEJ7e6tGHP+8Pz3nFX170jN8866w79d41l/hwBjv32R3TsBvPesfZrmdcP+zkPdHysg9ewFSl8tRJGGMV1IHHREouAYq+ekAufsAheETYmes+euHD/8Mp+x06/Z0kcPgpe/nOi87F2PHSMefsfc+XHPtdP34yGnk9A25AfNH9DkGVl4RvyPEfXpQW6vL2fDFmQEJa4h7EocUVBq6QMu3furrFOHtlc5mN6iCUyk0wxiqoA8S8CfWUNyYIir56kAmlvlMMefi/ICd1I3iL4iB62iHbpDAIhs2N1aigAxdzQDwNpRuQ1tZFqYd9C+kUjYSUlCK5/VOPfOXHL3r+u87FyQKnG5zmZO50XXz/4cyIy89Vbz/zVX998Sv/6qJjzt2HpU4XyFUoFPFxBDOxM1gPPn5P6S1YDdczQL1zPVuItygOoqcld/ieo7AbONlhT272nYfgHcDjf/Y06GzUzoc5Gz3vE6Qn3Gz4a3u6ngmUZM4B8TSUbij8cbU2Ueph30I6RSMhJaVYsvD4JzL4rav7XbkKhaKXKIIpr2hVqYdqf5TQTagRe4viIHraIdukMAiG6MerAvJfiCd5esAN5fZIa44fEwKKRI9Jp1RSeiQq0J50ZuYu0tIJRV8X4mOJi46qS+iYT71suN3DM397+tCzc+9t133sIlyEdh25B1rwcQFvME+77XAc43QDQzlnHL+u400c/Jc89FDE97n2OMTf+f3D+1O3uV/QAKZ8hOn9Xnk85jzoh07Eeukj1v+G03PeeQ6Uky/ZD/EdrxouD7wBFa6giMPXw3/ilLFpOnXe7slHXvVrZ1374Qsf9vqT8TBZ2rZj9yueefTz330ursf45HTLhwyPQrzkfeej8ZbfdehT33omDC95//nYkHb4kocddtfnHXP2XYafBIZHIXTUHXnGXjjN3fnZRyOGsvu23fhaHHLCnseeN1x4whd2HjbQ2/ntu13xrKPx/gOf9p75jrNv/5QjobCExnA90558xyMP11bCj+y4rbs89xhM822hsfXM73/YjqvfOzxLF9z7IKR3e/6xiJ/+62dt3zntyRGn7/XInzoV12kMfMovn3HmHacLc35ce+wz/WXI3fG4Vl8UiABVHAzo4lfYedDaVuuJ4kwGioHrDJzRu6J7qltXu80NggYw5SMhXQ4bfXVaYzub402o3dAaDlpzvi7nfxVycGOiLTLwHQilEvcQpsRTxaNrRfeUZAW4WBqWE9r1ApevNJGOgEjk6oz1FVEpA6/iTIFvNpwLdh01vH88/XbDpYs/UpBN17MwVkBnCStOW6/6xHByOfDo4S5Qp18+9OKUMRoXwVEOFJzLcKE95py9Me1RbzpVm8tn1fu9cjhx7Dp6572vOY7XP5wEEePrlg+Z/n4jT53X/vmF3/2fb/ryj1yI+LJHTqW7veAYpLhuPfrNp7J00ZUHQye8nuFj4uN/7rT7Xnf8k99yBjdN8LyheuWr1+9D3QH789IPXICT3XEX7IPnBzMf9zOnof2mt94fO3+fa48PO3+LB09X1tbOg+/8gaEF03D2xIr4Xi8d7l3Ch5Y/n7HrpFvsh/mYhiouCTQTbgvXp7s85+gX/PHwMV1PVOt6BnDZQIoN4SMmLhh44Y44bS+WDjp2D/74GtcSPMNY+XqhVD4udpUvCrvCzkOBzlLeFvcQ1dYT5XCIkxUybG8slQaI/VtXB/KQoCCl4qvw00inRJBSUdCivAn19URbZOA7EEolndJQE5NU0a862SmFgaeKiZcYdMieflenunC7/aoTnJ4y7ozCwTdFDdDbaXdok18B4ff2zb5z+Lui93zJ8G76tk84QgYE+fOZVgbO/ofvgBlf59z1oBf+yXn82SMumVN5rZfk9hJ8lOEOwI5ROKPt2HN6cnhWPeXS/RGHsyro/xMUPxvhjT/iB7xmOKvufcB2nHdwPT7slD1ROu/uB6H03D84Z2wa4PXs7i+a7g4Ktu1Yfwh+PcsPTQqDq95+5kN+9CS8n3jeH56DT7R4J/GwNwz/vnXG7af/ATn/sJSUO48YV0F8sOY1EinWl//FhXgs+vTW+nkj8X+C0q5yW7d5/BGIL3/SkdwWq53rGcDFHsrV7xmersseNf3lJzTyAHvCz5++Y49hr/CplE81aD2uvfbfVr4omMY9AeXvg+RtHX7qcFnFdYVP1M59Bt2fKA30QDFgrJVBiZdat67utAeGLc1tKxs6LYFh+hqTtApvQo0L4pTPkedIYeCpYuIlBhug1UPdq+VmShEgzSUGSgOlLbd4nE/6oUtIbCFbn9JGEUz5SEhn8Qney9iVQC515gQgnn3F8E9TOLci5XvVg09YfyMJg1/PMmHsAUfshBlfx5637wN/8MQz7zC8VffrWUl/Py9/4hEYctfnDX/g9RH/8RTEOPvT1rqeoQry74MABDx1nnPX4QeDt/yuQxE/9HUnIz7+ouGM/6zfGT5Nwjl81vzr4bHwCgGF17PjLpz+ORBwoAcEaS4x4IpReEQ4R2Mgf0R50LFDrOuZX4w1AfjOX/LQ4adt3Hl+KspfR521N9tPvPl+SJdczwS3xd3TE8Vp/esZ3nA85/cGw+P+22m27zfB1QWiPms6rcd1wsXDbvNFAeFFAdif8vdBwrb0HHaeKLeRkGZaBuqq4gqNj9q8dXXGh/QHCk/L06AMHigWWSHUuZ586fAS6CbU3qI4zEGaSwyUBkpbbvF4eOCeOy3dWeIB+YMt2JxCXC89EEudtKpBb3m0LmGYuGbOgQjK0DMqCohEpqAVZ2adFHHqufbDF1793vMPPHq4FD39189iVfSvZ0Tzcbp55V8Nv7Ux+/NGtoQdU+pVnpj8697XHMeSn1Xv9IzhTb2fVfsfcfjDEz9N+/UM4LEgxRffyANez3ji67Dk+McoXAYOv+lw0brpbYbr8T4HbUeM6xkNvvPe29r5s+40vC/B63jFs472L3xuQxXw7ov5542MO9czbAs2v/CD1jPPmdh5fOiBiM/oex843ZIC4G0+xJs/6BApBCm3dfadD0TceVHwYQspvvCiaEi982vbQuyb4/Ws9URNpkSnBPpVkG9dzZbQqLRTLUukFBfS6dVNqBfOv1HP//liDoKp17+KqggYS+kTbLlrybSF29ocPjzsjKdYGRCPRfAQF0Og1Bncq7qnoSTGpqlUxlhx4sB3OH9GdKenDz/wcVrXMzTe6tGH3/Mlx553j+Ff/sXT/sfw+yCXPnz4KdN9Xj7M5O+DgHGbu+EtM7pwWkEsnQEZXQOI99xv2ys/fhGukQ//iVPwxX8p0c8Ar3r7sC3+LwH8Byddz9B+4DF7QMGJNfycpLwkINaPtviDqdbPG/16xp1kcOvHHJGfjRbP+M2zHvB9J+CS+eI/Ow8fjvfYZ9vtnzr8QE/XM35cw86vPjfNnT/o2PHBfuTCXUetfwjwj5L8sS3eu/jPSEW+JOARta5nSPXMI/ZnHinm83eCHvOfhheLlyWA6r1eOvx+0ON/9jR4AF4XXPl8W/z/6vzzmb8osPmLwpmgvJ5pW9t37o4UXnzkRYueqAOPXv+dQz5RiJk6WSGlmZQl3rr6gMPXXx15gnnsHpjyTeHts6OCwdMTbzZ8OONv92TkRMBYSp9gy11Lpk3Vzl2LPAiUhmDuDPGSX1NDS250UM0GKQj8rUFwBh2rFOBxB9rG1ikY5XWyAmT2qsez0KyW3BsMpGULXHCf4XTA34bHWY8inPgOxGnrub8/vBPHeRAxvg44YvqGhKH8DYjp9/U/ftHTf+OsV42/r3/seeu/BAge+cZTYbj7C6d/hSp3SSLPX7yaQtx9224v/V/DP/LzPIhLAuLveduZd3/Rsdd9bNh/v55t274b3hRDxBZxpbn5A6ePBeUlgSX96sGj3hR/HwQGXs+OPrv4eSNY/u9nOErx7uGF//O83bfvdsbtd02/tvDu4RcudD3LO8/e1vUMPOiHT0KKj3QPe8PJuPbjI9QL/nj90xhO63zqHv9zp2Hg5U86kruEh4z0MT89XHuwD4jxdfR4zW5tC42tZx4lPod4AnG15sFz8QOmnT/khD2vGR8sPibCgMuSXq/O4+q8KJ2dP/j4PfK2+JBbTxSrBHGZSgypKA1YdetqptQZM3Bc7DsJS7kLKwkiUyd4BG9Cje+70hDMpYd46YY9/9+k/GV9+ULDOGFAaSvIdEqgNSGnUvhEBAOR6NUg+rpRwqgAxFLPyOb+UnSoa2UQkLihKlJ8BnrF+H8r4xt7UkfwuQFi+PJf09IZHEN87PD/U7/rXFzSnvFbZ/lfsqCHPwj6jrXfXiOq+goe8JrhvInPLkwB9+rW3z18/jvw6J04D+Jt75PfcgbPsDo/AgzB+8rn/N45vFTjzEW9cz3jr4a/4I+Gnce3MarQCar++YyKB/nqrlIGQ/CZ445XHYV4+47d8aFh+x67H3HaXnvsO5w56Mk7j+O/c43Bhx4MfPbvno2dx8kaF5vbP2V63jjz1MsOePqvn8XXWv9nOq9G4ev8ew7vx31b+szEUa1n/pRL98ObGOzAoeMbDnyAQwnXlYOOmw4bvBvA1QUKrkx4e8ThmNl6XKB8UVgqd/6Ce01XOzzJ5bY6T5SjrQDEZMpX6ZQEDPd8yXHYk/LW1Zrga0mnFAhOpeWEssqbUF90v+m3SUEnyHRKoDUhp1KK83+QVmqrhBJSMuVGKZJQYhpWBiUqMVjiLMnV0h9EpGTKVw2Mx/oUjPIKKnWqHvRp2ajnquulJ7eIVqnTAlDtNIIdew1/6QNvh/U7iu4vYwZeAlksbcB1rAxESJ3sJFNulCIJJaZc7/C04QeMV77qhOPO3xefek++dD98Zhpd66jdG0s6JZCrpT+ISMmUrxoYj/UpGOUVVOpUPejTslHPVddLT24RrVKnBaDaaTzg8J14B6BbVxP3lzEDL4EsljbgOlYGIqQOSrwJNd5PMCWsOqVIQolpWBmUqMSg4xyYKY/kQa0u6KGEtPxoCRgHv2jpQCUEbmPsSiAbEAPfw4CbSVZISwdlSaIHRKlEBOFpJEoZENdDaSE+gYEYR25gpsxq5P/IEv4/ZdkAYyleEqWYCaMyS+bkIa0u6KGEtH/83/yBh/LHjPx6xm+etc9Bw5v3MMdRCYHbGLsSyAbEYOv4D/gEBmIcuYGZMquxc+tqwliKlwAOD3zte/AOBvraa/9tQcEXbXsfUHwcJGF4AO848SkWb7MQ5z3MQA8lpP3jP/hFSwcqIZjiHTvW/0wckKNzZAua1RLYqN6n3FZOg+KolG0hJbSBKTckerV0dsj+oMwaAq12BKHUIbzu3stAqchKC3eWXbOjaMi2VmPHX5aUfkOOf1QOPWnP4y/a96Bj9wiucls5DYqjUraFlNAGptyQ6NXS2SH7gzJrCLTaEYRSh2+h419vfcIX3gkFRV8ojWOGCT5KKP1WPP8P+ZL9BnDG5oZIQqkTK2XgqzP4Rqa8cnpcEgyhVyljwJQwzTrISoslTnk65lbp+uxJUJQun1ni7Z1R5dY3senQgsO7P2ThJmDLzlIkodSJlTLw1Rl8I1NeOT0uCYbQq5QxYEqYZh1kpcUSpzwdc6t0ffYkKEqXzyzx9s6ocuv9TZ98yX7l17Hn7aP4lEv3x5dSlKbmNfqbELBlZymSUOrEShn46gy+kSkvnYW0ikqtAKuUJdAPpnwjsGtJrzzDlszvMSir+QLvHhBSJ5eoYA0lKkApg5JQHfsGprxSZpGZQWsVIW0hW8tfDgeulL3BoJeJemgJYqguJ08IAVYpS6AfTPlGYNeSXnmGLZnfY1BWt45/X0VIW8jW8pfDgStlbzBsHf8F/SdlOWrMc6S4CPppi9Im0aulCPKEfjvILZlyCOmPCorPCSXgiuLSRlFBH/csaWkZqI8DNjkhs9wJFpqH/Vt1Mg3ictSY50hxEfTTFqVNoldLEeQJ/XaQWzLlENIfFRSfE0rAFcWljaKCPu5Z0tIyUB8HbHJCZrkTLDQP+7fqZBrE5agxz5HiIuinLUpbFD3PDbMjGM/aANIlNiG9ZRAdQ7/3BtmE4zbEuWuJEgiGYWi7RdXgKcVZyiHLWeKf9eR9mG0BtIEpH1EadJH10uki41kbQLrEJqS3DKJj6PfeIJtw3IY4dy1RAsEwDG23qBo8pThLOWQ5S/yznrwPsy2ANjDlI0qDLrJeOl1kPGsDSJfYhPSWQawb8BGNSWguR0CU7gbGY3FCoqNSSSiFn3uo2prQmezQFswSpUthSkJKXERcekAotWykU91cyaENq/uVuliSDR0FQa46rHZsLX0JGquggwwMSv8wZdVGGI/FCYmOSiWhtHX8l2yu5NCG1f1KXSzJho6CIFcdVju2lr4EjVXQQQYGpX+YsmojjMfihERHpZJQ2vzxv3wbJIudCaRlaI1yHbGngGnWRTYoEEEZvb1pHpSw2vKUL49WBoA26aM24WkoOUts0FlSIJQGHXRKmVmPGxgvb0Ewawb0LHG2KHuzOLuJlqE1ynXEngKmWRfZoEAEZfT2pnlQwmrLs3X8B9zAGOsVzxr++iX/EHNGLQgUd6BniTOg3Sh7szi7iZahNcp1xJ4CplmPBxlxU2wwWNLKoEW/CmYNIHuktEq+EsSeZljVykCUaRaDElCVQd/slM6NbotQdJaL5WHTIkzIA6FQbJUIU+oi6NlAWnqJmzuNLGll0KJfBbMGkD1SWiVfCWJPM6xqZSDKNItBCajKoG92SudGt0UoOsvFr9/xH65nLBGm1EXQs4G09BKY+9czwpJWBi36VTBrANkjpdkeCtnXfy3pL6e3RNdLj2C15QlzlIaYAfDY3xV60CF4Oi0osdrxZDpmLw2jV51ZabHQ1mF2QjAoRSCoAI8DcjIA1DNTORlcYZw9IIjZs3X8k+DptKDEaseT6Zi9NIxedWalxUJbh9kJwaAUgaACELc+n8nJAFDPTOVkcIVx9gCKnevZt8TxPzNoQ+RRUryEmEz5pvYhtDAdhq7pUpguJ7R42ikBpEERLT0g20I/Kc19sTPfS634RiDvarkz5V4FsfSIfnVD5FFSvISYTPmm9iG0MB2GrulSmC4ntHjaKQGkQREtPSDbQj8pzX2xM99Lrfjrwa0ec/hz3nnOabed/g513tVyZ8q9CmLpEaEadmND5A1J8RJiMuVV4yyxhX8cRCoDXz0AoYRrda4Sj52gt2zOwk0wXTKwJLSHtyHSc7ActJApb0DDrI3ILL+CWdTlLR6LUnRmDQQ2MuVrZKWkbCx7SzETbEx99QCE0tbxvyHQQqa8AQ2zNiKz/ApmUZe3eCxK0Zk1ENjIlK+RlZKysewtxUywMfXVAxBK34TH/3S/GCReDimgAqZ8RGkuCfe0gj6wLXRm1MigNef6zCdTblBUaXSt2HTKCLqQPrYWHjd4uoTWQNdzGgIyugY8ZRygrmpIQW7MCggtYpKMli5YDbaQAipgykeU5pJwTyvoA9tCZ0aNDFpzrs98MuUGRZVG14pt6/gPKciNWQGhRUyS0dIFq8EWUkAFTPmI0lwS7mkFfWBb6FwKJwLGFPu4TY0KtDpZAS4iVup6pqy62JrT9yAQrreQUzD1lQSbU5Y6/hahJbwBJ/C4jbGUHJDcQmb9DLAqGOUVloidFHFItS5nnDHAmGIft6lRgVYnK8BFxEpdz5RVF1tz+h4EwvUWcgqmvpJgc8pSx98itGwd/8sZZwwwptjHbWpUoNXJCnARsVLX1+HNz8LHRlCm5fupfFjUWxr1VsnJHlcUD7PGWIoIuqdYGfRZ4gEt28J2MmvuGPjkZ4MUBF71OKBSx0OGiV1PaaBSlpxcZQtgTBEEkWuJSkPDqo1pSxdMt47/QMu2sJ3MmjuG/6eO/3D/d4oMtJaoNDSYTQODDsr0W+X4X0cmh0rW+7S6ZufIkCe0YhBSksWyy8WskKxkwhympZjJJSnSQ3o9CXN8+OyGVOp4xEIzqsudUzQy9hX+5aIYJ0UDlaz3aXXNzpEhT2jFIKQki2WXi1khWcmEOUxLMZNLUqSH9HoS5vjw2Q2p1PGIhWZU+06/X+4kjYx9hX9WLG85m7uoZL1Pq2t2jgx5QisGU5qvrktAs8Z1Aqcjzk4oe0WrSn121MLhpa3VuyGzQ4+vDAhTwNgVEEQEnRfXe0NjoKUDlDpVh7aOP5QUMxiLE9RBTqdopFMCUnJpCejKE3LgdMTZCWWvaFWpz45aOLy0tXo3ZHbo8ZUBYQoYuwKCiODb7PgPlx+KjIHHoFMCVPL1bCFo18xO4HTE2Qllr1iphpecNXe0ZvW3IWAjjLUuYbmzJLcHRanrpViSu0JvmBDSEniW2EBpo6iSexaOXUIe5VsUTHWAUfFgCZrDFGyoPeMDsTIQ0pmCYBAtPQAbYax1CcudJbk9KEpdL8WS3BV6w4SQlsCzxAZKG0WV3LNw7BLyKN+iYLp1/BPGWpew3LkOnu4bfAMtW9CVMghpCIjSfJQ4LmZDqWQRlGIm28Z5K2JWSnKXVlIaSI47jR3k7LSgRKZ8JKSBTrXfSNxT+iEGnanEUAVZ6bPQ37IFXSmDkIaAKN06/kmrNNvYQc5OC0pkykdCGuhU+43EPYrD7ad1o2ren5qpRAYosRcs2a6z0N+yBV0pg5CGgChtHv/It2/frnIJe2LnqGSxNUrO3CLGeYWtFDOhpWVu6cBLHRtgNXuCgpSKPy3Bs5zljeNm182MXSFZ6dP3q4rAoUhCStyWgz60Df3W6DED4SXGClrIxlSMfVHcOv6naAQpla3jn4SUuC0HHV6dbj/Nr43en5pBC9mYirEvit/g4x+bx3/EpKrcpqxmMcxcCPybayTepbgzCqVONRPMS3rHLdRdDMZ6PYclwpT6cha2yDZsKbUExdPRvpJO0SrUW07FLZFI1MqAKGbgJZIVAp0lGRSUlNUshpkLgX9zjcS7FHdGodSpZoJ5Se+4hbqLwViv57BEmFJfzsIW2YYtpZageDraV9IpWoV6y6m4JRKJWPPtpxkfe94+DLzEr3x/ajLOXh/uQUlZzWKYuRD4N9c4/L4+f2U/4IMUz05faCiHl2Q/QBqUQK5KKRuHcQ19ikbclktTtIrrQ3PDJkoDRL7tUKp4CblRCglph+wcJpqYDaSlk34VDNuY8wg52QWYBqi3DC4qLp3OQkM5vCT7AdKgBHJVStk4jGvoUzTitlyaolVcH5obNlEaIG4d/7MeISe7ANMA9ZbBRcWl01loKIeXZD9AGpR1+PeuHLrJJK1S6sHPOCuOPLkk5OHqqfA0lETW85COx0vZlml5oJMpX4NKqatEqLcoDRRVUhoUEdKSJS0QpZeGWbyrM6o/nNUwijCmKFgik7RKqQc/46w48uSSkIerp8LTUBJZz0M6Hi9lW6blgU6mfA0qpa4Sod6iNFBUSWlQREhLlrRAlF4aZvGuzqj+cFbDKMKYomCJTNIqpR78jLPiyJNLQh6unoqQDpe08BEttymOzYklTpZaP2kFMLTaqbtBQQmrvhLELvrqSEHgMVbf/1ACm3t0meDsp32GrTb8ff0lW3wzwddFL5mCElZ9JYhd9NWRgsBjrP/vHP+iZQMqdTwl2d/fKFJXGPtKPCbZQ6AEkamLioMzs8TJ0tfl/M/PZxrN2iv/6iL+4+FDfvQk6WpjoBQg1r9AXvX2Mye1Qr0hKJGHaUBV4spQbjPaB6a8DT2+zrLcJiap0dsSSz3TsgWdacs8nUe3+OaAL4peMuLKUG4z2gemvA09vs6y3CYmqdHbEks907IFnenmZvZTAEVirgZ4KsbqXR2WeIBswc+0VRXQg0cp8LiPekNQIg/TgKpEyoBfKqHienbNhy4464pdx5w7/OMhfUccccT3f//3f+QjH/niF7/4iU984pprrmEXq6dcut/F9z8kX8/Wt5F44i+ezkugvu77iuOn2mYpN0fx8FP2wiZe9sELXAx+F0+42b7wP+9d5zLduc/u3En/hVfAqj+BTphPgthJEXeq1x9OGzdSb4XBdB7d4psDvjQl4XUkFH3NKckiYk8zrH57H/8dWobOBCm8aDEGiD0N0OwGpa3VA4BYTNIarjDuK05LJ/3qDQ+2t337dqzaMAJcz17yvvOZiiuvvPKrX/3qe9/73re+9a3/8i//8rWvfe2JT3yiN+536A6c7nE9o8ISYFUBYPyA15wA80v/1wXoeuH/PA/xHZ56FA0B+n1dQugK1zOSZyrW9YypX8/UpWC0rEyTSDwNNgbEYxIMgU6pw+xMVrVO59EtvjkYX6V5wovIIKAqU1DaAupSMMrrulbhabAxIB6TYAh0Sh1mZ7KqlUGIgcdESi5l6MFKpMwiP2OtmU61NaE0t4DZ/Yy1krGyMtZjp6/72oRvrMLbK17P1M/gjDPOOOecc8b6TV7wghfgevZ93/d9TImuZ1PeBgP13uRBP3Qiui5/4hFMWeVHt7s895hnvuPsaz984cNef/LOvac9xI6hxNvNXfexix75U6fuc9B0CzcoKJ18yX5I73jVUYj5gQ+fMhGHr4f/xCloAcPQNZQiOPHm+8FWXs+GdO/d7/Py41/wx+e+4i8vevGfnfeoN566x77T57Zt24ebzD7/Xede99ELsf+4SEOBPm5tN+7/Lb/r0Ke+9Uz0vuT95/NDcH7Ie+wzXThvepv9H/ffTrv6Pee/8uMXvehPz7vy1Sfsue9QwhC03Ptlx738Ly683yuPf/BrT3rZhy5AMOxE2o3bP+XI7TtW3g9e8rDD7vq8Y86+y3An3GHPVp8KQnE6j27xzYG/NAqG1y+9glkhNJNJGlGaS6QU+6hlHNlszyX3l9UpWiMrgKJWBplWiWJePQAetyg9C8XOfJUYeFrGgoqvztCwVmLAOASBlh6ALXw2BeXwzsDgxzop038sCJ/PpAPEJ5xwwsc//vHPf/7z55133qSO7H/YTpxedT2DkyjVKpDqejZJo8iT+9XvPf+uzz0G1wzEt3rU4SzxevDSD1xwjxcf+6x3nI34Ad83/YHO1vVs19E7733NcdwQLiGI73Pt8bd48KEoAfSynbFWv55B0fVs7wOG28Vh64if/N/PuOKZx9z/e0/AJQ0Pn43f+QPDhnAJgY4V8b1eepw2wf3HlenxP3fafa87/slvOYM7rId8l+cczYd82SMPYwuuOs/9g3Me+IMn3u0Fxzz914d/p8RDgM7rGSY887eHrTzpl07nE4LHi831dwNB+POmKgnp03l0i28O8uuVXztQiiT0KmXgKyljBEIpS5lOSQSP0mHugnaH/tyo1EsMlArXg9npKCHASRxQyeQ5TqtK3av9OR1aQ0LsqRN0OoFSrWKsD0z5iKeKGQzWESnE44LO9ezkk0/+1Kc+9dnPfvbWt741FVXz57OwGaX+oubrGeDJ/TaPHz60Xf6kIxE/4DXTH83k9eDSRwzn+sNO3hMxLlH8AMTr2SmX7o/Yr2eE5pd98ALtBgLuCQKKWoGuZxTDzxsf/eZTEd/2CUfsNj6U7Tt3333chwOP2eNVfz1cbuFHig9t+PD0qk9czM+X2Bz3/+4vOnZoG7e1bcfQqIeMODxkPLHYBYw66Ng9zrjdASg9+3fPhs7r2Xl3P+jWjz0cwdlXHIj9QXDizffFJc13Y8/9tnM38JlvHDngf42Uj5GBYjGdR7f45mB6VUbCi6WXL+hCBsad459IJFIUjHIMlAawuVAqna32gGwIBBXgqWIpAemjsfaU6AlkCsr22Zk0ZJuUsKH+QFSDwVNVXeyQba50hoSSUj6WJbAFq3oDUd+2bRumAy+U/35Gfu7nfu5rX/vane50J6bjhqbG/s8bfb7HvJ7d7klHTvkIT+78URjP2g993cks8Xqg/8v9mg8N//yGEz1iXc8wv3M9m3LbDd8fAsX//Qyprmf77Bp+vMlffsEX9udhbzj59MsPoO3MO+6iHr6OOmtvGrj/x104/aINQAA6D/mCex+Ez2ecw6+XvH/4aTBtZ12xC1d3BKfd9oBbPXq4sN301vv3d6OF7w9QPJ1Ht/jmIJwO/CUD42s4KEEnLirOzqAw5Zq3Tp0xA+FV0E8DnRJgNXg2PY3A47bQktO+whQw1iqU5sBRL5FSolLH42jgQn9geaPbQss4Iw7Jiugd/3vsMVwJyDh2qPm/nzlQPvjBD+J6dtBBxS3g8s8bQ0BC2vl8hjM14kseOpysw/XsxJsNP6PDqOs+eiFSfCpC6j9vvNMzjkbcv545GBV27PgLh+vZC/5o+ny2537bkOJrx17Dswnx+Iv2vddLj7vq16b/UeHsOw+XIl5Irn7v+Vc862j/wgemYeja/uvyRhGBP2S/nuGh4eVA+sAfPPGi+x1868cMn8D4KPjM5OvZ6ZfvOutOByLo7EbAH7vHZDqPbvHNAV4gvkb5lQIuloaSYeKqWWnQSSmSfqOTnWULRKLYdcYOdaCYegf3lP7WkFm9MxkplaBnZg2kY2uVXEfMlAGgLlzJBqYSc0ByGpRArqollyJ0tK5n4LLLLrvzne+8ffvwb0jAPf75LPQiDQqBGK5ntE0fVsYrhJ/cUeX14K7POwbpTW89/PBNP2/EppGedadduIBzLK9nw7Z32w0XBigv/4sL846gOkUjTPc/fHg4r/rExUefPVx7LrjPwUjxwWi03GTvA9efgds8brjGcFv4pDhs5SMX7jpq/crBT2OE+3/02esK0fUMA/0h4yqF+NoPY7cH8AEOaf96hqC1G5gwJXZ3WsQcTp24Mp1Ht/jmgC8KCC+Z0BtYGsZXsnaSUFU69vUaAQ2ztkDpb42SHkpKgy6y3nGGkiuhRFrV0twC5r5f1Y6TemnISh/6fe3T8gQdaenMois5xprFgvAJrvPzxve9733/+q//umvX8DECcCLX8PPGYcsjjCkCxfn39W//lOmnjrOfz3BZetIvnX7tnw8fzvTvTA/4vhOQfs/bzrz7i4697mPDZxr/fIZrHv2PfOOpOI/f/IGHjHs37YwC5/E/dxr8eDawewjwdc+XDr+IAfBp6Sm/cgY+n9352cNvJKJ0q8cMv7ECHvTDJyHFJedhbzj54T9xCj41vuCPp1+SBNx//dxP2219Ptt15B58LJc+/DBcqvkZlNez8PNGfCzT9QzV/m6AfDe/8fkYmPI1pvPoFt8cTK9K46Bdjr/W5SgXR++Mx2npAbeFFqYL54Cy3YNZ4CRTvgp1GgDFTKckyglLGh361VW2l1shUz7STwNj92RgoNQZXQOMKQKPyegamPJVptpaVQHweGLHCGOVh+vZ+8/fa/9t/NkaUOnDH/7w1772NV3PxB77bjv0pOEHeuF6xriEZ3D/0sep2evZxQ845FnvOPu6j174iJ88RR+VDjx6JxohPvktZ/Da5tczcMG9D3rO753zyo8Plwec4ie1fF5Gcf/Ddj74tSdhi3hCcDG4x9XHbt9jekKwA7ge4FnCp8Pnv/tcXEH5+yBg247hX++e/btnv+LjF+FyguurrtMgXM9I5yGjhMvYM37zLHzYwoXzDt8z/LtgeT3zz2eo9ncDY/P1DISngul0Ht3imwO9RuHF2jTlHIjUyypo6SK8S+4QRg0bXlMYKHVG18CUN2wg61RaumgNLJEZAWEqskJcV9wyk36VwDNrc0/H3Cm1GAcv7XJz6PISURr0AV3MBEw4feNMhy/9vatMmBX+3tWSQ9knMMZKKAopCHg9OOK0vaSoCjwuCQamvgqkUkLJCaXQgjUos3RsXpqdtvxsQjjQ1yXIiSB3UfHVA9JJlzixBp2UokNDtrnSGdJv/Pod/wzEaI9zOgQDU18FUimh5IRSaMEalFk6Ni/NTts6/qeoAQ3Z5kpnSL/xG3X8D+S/D3LSLaeb5Rxx070XHhbHnrcPW/QnsjiQK8kiFaCUQQdez448vfl7ehwyTi2mZVFOBYwZkKwrmH1+6AwDA535ZSNEkDddmltsyBzYaG/ph9jSp8jI5qyAzsvhZu9lEFKCeOHxH0Aj53AlWaQClDKYpeNkaRhaebIopwLGDEjWFWwd/0so/RBb+hQZ2ZwV8P/68a+/rE+HVjEWi/5WiWn2g1JsAXPp989nNJQ2R4ZhopkZ+1oGADFTBoA68HijlL3j+EkPBqZBBFnp43M22kvU1R8SbASxpyBXwZSPTNIo5oAxA8ISmPI1OgoDrWIszjcKptkPSrEFzLNDGJc2RwYEbmbsaxkAxEwZAOrA441S9o7jJz0YmAYRZKWPz9loL1FXf0iwEcSeglwFUz4ySaOYA8YMCEtgytfoKAy0irE43yiYZj8oxRYwzw5hvGLj5VcSAo+1egBCySnFjeLztXo6i2xj34BSBiSkzqadQAqDTuoxAyBdKwNHSigxzf5Zyhaf1pqJQ2iJTchQOjVEVQ8UO0HMniVdBKJ0BiEloeSU4kbx+Vo9nUW2sW9AKQMSUmfTTiCFQSf1mAGQrpWBIyWUmGb/LGWLT2vN3Dr+nVLcKD5fq6dN9HGy4wslzQ16H5lzlyudmSixKo8C4mn2MAgeT4GUoHeepayAMCSkS3Dz8kY6/T1K2dsaqO/MJbTmByXYvJp7M2VjSXDmlSDWq+m4JxBKmhn0PjLnLlc6M1FiVR4FxNPsYRA8ngIpQd86/jOt+UEJNq/m3kzZWBKceSWIv52Pf/68Uf8/WWAYYD2eKvY109JFaQhimUrcxAQCsdQJS9kwNg0wzmKgpYtQVTr2DbFWBi3c0HF6ifHQtioqDYFS4UqoIg3VkHowFmOVIqAoSpG09Bb0d6Z5yVPFvmZauigNQSxTiZuYQCCWOmEpG8amAcZZDLR0EapKx74h1sqghRs6Ti8xHtpWRaUhUCpcCVWkoRpSD8ZirFIEFEUpkpbegv7ONC95qtjXTEsXpSGIZSpxper/ZzRRqkAxkaKgT+npN4Yq0/y2ArqcHgOPA0ts0nPg9KugpQcW2kT2b2gHZjc3O5+pRASKl+Dm3DgOW5/MAHg8SzAzzROkICBKFSgmUhT0KT39xlBlunX8i+zf0A7Mbm52PlOJCBQvwc25cRy2PpkB8HiWYGaaJ0hBQJQqUEykKOhTevqNocp00fEPE30scM0p8WooOawCTxmLsHPBkP0ZeYbp5lfKgLAUaOmEjUApA5EVJzRilSKyQlyf7WKKNejExWzoVJFKYRAUwjTguuJSBGEI0qD0cf+SxuAJva2UeDWUHFaBp4zF1vEPskJcn+1iijXoxMVs6FSRSmEQFMI04LriUgRhCNKg9HH/ksbgCb2tlHg1lBxWgaeMxdfv+O/NapUYhGrJcqcDv1oYeKpYBKX0gCxSKc0d3O9x60XaxHy2+CpCCqQgyFXQ0gP0yMy1DAKzejZ0WvwNVkkotVIEoSRaOvBSsCll0Bkiljsd+NXCwFPFIiilB2SRSmnu4H6Pt47/QKex07J1/MOvFgaeKhZZidAx9s40Z0Ngud9L2SaFQccgsrKQsjGISEsbYIkwpU5KEUjJwfVkowNbtjwnOD1tDSHZKQVBGWc6JVBWx3m9LkJPaQ5KNgSW+72UbVIYdAwiKwspG4OItLQBlghT6qQUgZQcXE82OrBly3OC09PWEJKdUhCUcaZTAmV1nNfrIvSU5qBkQ2C530vZJoVBbcB7ASAHgxZltd/SITd2Ri3Zyqb3hLBdQ3JAWraSYM6Uc0LsKXAllERLJ6y6Z4k/B60u6MHgqUQRlL7ZmR01i/sR99vLar+lQ27sjFqylU3vCWG7huSAtGwlwZwp54TYU+BKKImWTlh1zxJ/Dlpd0IPBU4kiKH2zMztqFvcj7reX1X5Lh9zYGbVkK5NH1zOBNCiCulYGjkpMM2NTs+rQJrN3bWjCDcINOCozO3zTW1ejB4pFSwwrKWMXRavLoa6VAcGROUWGe9xc0jK4nj1Qskioa2XgqMQ0MzY1qw5tMnvXhibcINyAozKzwze9dTV6oFi0xLCSMnZRtLoc6loZkK3jX6sHoDlBT1l/G9enWtJqod6vZlzPHiilOEVrUMlroBQD8MzaSsNsV4D+0NWa7DpToJQB8Jhkpc+GJrDkqwNFIgNXAll3RbEHWSy5PtWSVgv1fjXjevZAKcUpWoNKXgOlGIBn1lYaZrsC9Ieu1mTXmQKlDIDHJCt9NjSBJV8dKBIZuBLIuiuKPchiyfWplrRaqPermRU9m5a0lZ5WYwZOmnOLSh1ocKcCElLgine5vjl8mqcgx0EhSrUGVPJqKyZLFBFKYbJQylJJqNJfvtMMqJHB2LcyqvXeS6nrwbMhWr2z85dvFE6ac4tKHWhwpwISUuCKd7m+OXyapyDHQSFKtQZU8morJksUEUphslDKUkmo0r91/AfgpDm3qNSBBncqGFhJ2nRsPrdja5FbWnMkllURqv0ULJ+GWGnQp2iNfBBnT4dhM13/rKFP2S6FgVYyVorGoIQqkFKWslhCJ5jyNSa12oTH15/ONN96x9Yit7TmSCyrIlT7KVg+DbHSoE/RGlvHv5BSlrJYQieY8jUmtdqEx9efzjTfesfWIre05kgsq8P/T71thOk4ZN2nOAdgsK4OLdPRtRIE+mIOSNkFWv4ltDaR9aA4KmVPWQoxmfJqCHCPB4ylEKWut94w9icAxKHq5JIrncbMEjM8waaUgVezApASTxkD10MABquloExH10oQ6Is5IGUXaPmX0NpE1oPiqJQ9ZSnEZMqrIcA9HjCWQpS6vnX8E6TEU8bA9RCAwWopKNPRtRIE+mIOSNk1va56dZf0uIgYvUHRWpLNmTwkKyC3lwaJ2S/K0kb9AXhoY0BYyqjU8fTJjT6TMAUeBzolsmQO9VBF6kqoiqBnm5ROCXRsBDpLMiggISUuIt46/lvAQxsDwlJGpY6nT270mYQp8DjQKZElc6iHKlJXQlUEPdukdEqgYyPQWZJBAQkpcRHxN9XxP9D6440LqYeuor1xcysmVLIOvOQGxaEUPEy1krG44gThMu/VVktwKpUiskKy7keMV1sTAEsdA9CjI+HBtlAVQekMYunp0PH3JzNteXIAypaNsqRdG3JzKyZUsg685AbFoRQ8TLWSsbjiBFvHf0ZVBKUziKWnQ8ffn8y05ckBKFs2ypJ2bcjNrZhQyTrwkhuGeNu2bTt27KDKV1QOBARx58WmEvRs6yCzd7UmaCcF07HY7HLGprghiVydrICWTbobQklkJZCHeLActOR2BljxlEoErVhkgxQEQXEk5qAkVPtpZtYA4JFt6/hX6mQFtGzS3RBKIiuBPMSD5aAltzPAunX8M/42OP4nwiMpUTWPkCKRgZ4F4FXhSq4CiSHAGhTQeRQUQ6kUN0Frguvlph0oFFVS0CGbfUgpbojQ4ml/JnTC2EXGThZLJYieKi7FDEuhq+MHHbMUiQy2jv8pamzagUJRJQUdstmHlOKGCC2e9mdCJ4xdZOxksVSC6KniUsywFLo6ftAxS5HI4Bty/K9vVYUSVrOn3wVgEJPUxp+CANs1JKSgpZAyVouUJWSzK+OwjU0TUqRLUdwiG3JX9oBsEywBxhI9dRaKeULLQ3KVSEdAmJKQEorlYVb6BavZ0+8CMIhJarN1/FORLkVxi2zIXdkDsk2wBBhL9NRZKOYJLQ/JVSIdAWFKQkoofhsf/6vRGDP11ZGSS2K2NxB0TxWXvRR9LQNQiqClE4ilLlpVNcqgAHhMZM6lgJyeOh1DNoNSBC1dBANSKtJDuiGWdwVn2CgCxYRpEMVoXzdwdaTkkpjtDQTdU8VlL0VfywCUImjpBGKpi1ZVjTIoAB4TmXMpIKenTseQzaAUQUsXwYCUivSQbojlXcEZNopAMWEaRDHa1w1cHSm5JGZ7A0H3VHHZS9HXAf6+fuuive5LhFI2hxRQcV0xAtdvKHzmDTKfQ8JYpf40SsyBU4oCVTLla+TXix53hji05JmiUwrAGcwLe3MXlaADVxDrUUgPjQgUB1xXzGDr+F8Ih4SxSreO/4W9uYtK0IEriLeO/yZ4DIDXszyLSn8bHc8SESl2oHQSL+VeBaEEXKEBTHlFaXDFDa4Hsqdj3hCY0xnFUscwi3qXjEK1ZeiUSFn1rhAzICEVWafSmiOgs5QNLd3peJaISLeO/4VgTmcUSx3DLOpdMgrVlqFTImXVu0LMgIRUZJ1Ka46AzlI2tHSn41kiIr2Bj/8dO3Zw4rq0RlCyAfTFHADETIMYApEVscRMRXowMD34+D1u/qBDTr/8ACkEMZnyNai4npUWpafVCL1VKpn1e9XNIVBa4mbClLxki28CphcjvaDhxQopcAUxmfI1qLielRalp9UIvVUqmfV71c0hUFriZsKUeBpKQjrOvcAVwtRXD/oEf273OYjFJK0RlGwAfTEHADHTIIZAZEXUpaC+8q8uevUnL8bXQ370pEmq8K5n/OZZbLnq7WdO0hqdvXFo4/rEXzwdo86+84FjZUJzEBCmfWh7/M+ehoHn3/MgipkL73swDI/9rzed8tX90baUSgm4rrhlFsGAVEooOV5ivKSLBANSMUlpJglpgNXphLrFNxR/RZYAp5sZ++qplIDriltmEQxIpYSS4yXGS7pIMCAVk5RmkpAGWi1ZmaI1XBnttcH10bUueqoAa6AUN4eP6oxduEXaOjOVIiBM58H17JoPXXDWFbuOOXcfpN55y1ve8mtf+1r+X7BPuXS/i+9/CK9nYUuehtK+h+y43yuPf8Efn/uKj1/0/Hefe/mTjqTO6xl2gCm68hBXSFbA0LnbbuX1jCUG+XoGaABTPiIl6CArwkv6NAwmyQii0tIshlmjYdY2RQvwgd6ouBTBdELd4hsKXwu8LoQxRdLSBQ1gykekBB1kRXjp2/74J1CySKj72qJfJcGjlB/7SuAJXRkZZp3OOLjeHxBKTr/kVcaukEnJBVzPXvK+88OIN73pTXe9610vueQSXM/23nvvxz72sddcc81UHtnv0B28njHNYwVLe+677Tm/dw5a8PXCPznvlR+/CFcdGvrXsxZucz/i1vVsitYIXVoz0GUQLJGcSmGAtTzgRuMEU+rA4w5j68CUz9FxsuSGrGSmE+oW31CmF6P9kvWVVheBLoNgieRUCgOs367Hv2iZN9TuLGzssHxCcDLlS9a/UoYgs2Qf3IN4oy0DyvP1DB/Inva0p/3t3/7tRz/6UVzPsH7wgx+83/3uN5VH9j9sJ69nbAzTXeR6uycfCf/V7z3/yDP2Qrpzn911veH1DIarfu2saz984cNef/LOvadncNv23a541tHPf9e51330wme+4+zbP+VIKBp7xOl7PfKnTn3ZBy9A11N++Ywz7zhdEXk9u+BeByO+73XHD/v5a2fte/DwD4eXPuIwpPwKn8+4G3d57jHYUNiNfQ/e/sg3njrsw2+ffZvHHwHbc955DkuEuxSAB86TL9kP8R2vOgrxfV9xPJ2YfJ+Xjx9V//KiF//ZeY9646l77Dv9kejOQwZ4pTDnlt916FPfeiZ6X/L+8489b19UOzt/09vs/7j/dtrV7zkf7yFe9KfnXfnqE/DeAi2XPHR4Ku79suNe/hcX4nPzg1970ss+dAECdpW7wZIYdmu33aYT6hbfUKaXZISvC2C6+/bd7vysY57/7uFge9Y7zr7lQw6lDlqHjXovedhhd33eMWffZf3fAjgZTPlISB2VxqYBphtCXfgWVsxgmDgixQMRlKFhZMpHskI2qmfoBFOeUDV4pBPFLoKWTmZFxKUHUM/VsWO9xFWUpeDZEOgNc6Y0X2x5PZuSkbF3t+/8zu/84he/iOvZ3//939/ylrecaiOo6vMZYokMHIlP+PnhO+dOzziaqcNvqmv//MLv/s83fflHLkR82SMPgz7sww+ciBTfbPf/3hOwIr7XS4/jzIOO3QPnXyg45z76zadixdVinLf+72d3ec7RCJ72tjP3PnC4JqB00i32u/c1x2FD0MvrGa64d33uMbjSIOZugIe+7uSh9J7z8ShwVUAcrmclup5h07qesXSPFx+L9Mn//YwrnnkMHhouaXg+Weo8ZMDr2fDp9udOw6X6yW85g9dL7Twesu88GnE+eu4fnPPAHzzxbi845um/PvzDJ54B6LyeYQIu0gie9Eun42SH4MBj9kBjuRvDHqyBCQDBdELd4hsKXxTBl4bgdcfLhyMH3yb8/rroyuGtHigPG/ZyxSEKEe+BXNworS5enMgkrRGUbAjQIFsOiOuhBKgEvRQBFBdz7GsGOpnyilD1dGxdSblKVBBo6c44ZmDKU1dZCh7SGZKhIQ8MjespL2bbtg1vz6Xm69nOnTvf9a53/c3f/M0P//AP43r2spe97HOf+9wb3vCGqTxO1OezSZrjee8avlvOvdv0Rk9bB/ymuvOzh0vdFc8crkAPeM0JiHcdvfNVf33xSz9wwZ77Df+Ah08w+CTxqk9czLeQ93zJcEnABWb7zuGx7L5tt8NPHT75AV7PeAXF55i9Doj/f4L+/SzvBj5+Ib78ScOnSe7GfofswEaxJ4edsifSK191Akq6nnGCrwSxfz6709OHx6XrGc4sSG/7hCOw22Dbjt3wJhq6HjI/roWHDHg9u/uLjmUK0Au084i184hhwCuF/2IU3gGceftdKD37d8+Gjg95iM+7+0G3fuzhCM660y7sD4ITb74vLmncDXyMhjPvBiczmE6oW3xDwQuhF8XZZ9eOV3z8Irx2/O7Ay42XGO9vaG4d84AGXc8ognE76xti7CsJipcc6GXJxdLgyDDMGlGK1d/Bq9RhHLCxLTIGHjstvWQcGf2tCaXZcQMDKoBi/oSjEgOlYmhO4oZotXMymPJRyXs4Udby9Qzc5S532WuvvfT7IIcddthll1021Uby5zOilIFSfH6CX9czgirgN9U5dz0QMU+y+DyE+Mw7Diff/HXUWXujl5erWzx4/YcnaGHA6xm/HvlTp1J0yt9v5G6cfZeV3UDp+Iv2RcxrAOBebejzGeLw+Yy/TYMvPPMPe8PJ/D8HQP8hY8d4PcMu0a+HrJ1H7M8h0gvufRDOX5zDr5e8f3i5aTvril38Gezpl++61aOHC9tNb73/WXc6kM7wxd1whl3a4psAvhZ8UQhTHr3P+p3p6MWbP7xTgcI3TOUxrzk+MIhe2hw+p5yWRSgUVVIAxmJd1UkvGBwXw4TST1AK1VKZoopwQi57WxNcL+Pc2BoV6ExwUA0GpQxCNTA0m18x8LgJTLqZJ8GzqevZOHBlysknn/zGN74RHi8xyL8PQp2rUDr780b+PohfSHhyv/q959/52cdc8ayj9YUPMUPXLwxdN3/QIcOIVXg9e/zPnfaUXxneXZ53j/iL+53rWd6Nk26xH+JnveNsPpYzbn8AUlyrwiPN6HoGJx44YlzP1IUTzb1eetxVvzb9nw/83xX0kPEw/VHzIQNez/J1pbXz+KSF1xfpA3/wxIvudzCvWC/74AWy6Xp22m0PYBWB74Z/cTfCA59OqFt8Q5lejDXwGvFlytczpPjy6xmOAZj9sCnhQDKOnzn+RWicojnoHDaz2hLShXgX42Hu3GRXFGebyJ5yAunMIX2/UgZYpXQIHp7bGY8D6gleKj0yhGo/XcgwumwsC7yeqeSPsITV2c9nRCl/moFT5JFn7AUx/z5IPhcfdOweiF/+kQt3HTWdzcFxFw7/UwHAxQBVXLr4Azfs9eGnrPy8EfOPu2BfvBt98Z+dt/eulf/lIFzPuJPcDV5XtBso7Tpy2A08S9gflO59zbDd/uczDsSTA+dZdxpOFg/6oeGfo3Q92+eg6V/LwG0eN/yUjx/d8kOGnw+ZjeF6RhGrn5j4D2PceVycEF/74QtpwztxpLPXM98NbgLomQcSwXRC3eIbCl4Rf1EIlL3238afN/Kn5fp5Iw3lMc8SwSFxz5ccm98R9gl7wnTYvxEpxOOMqqWtnKbUdcC0rOa4tIlSDJ+0CJxkytNkL5HBXc2fRV3lhKwI+gHihed/saGU9OeDWcME9nX79uk3IwCD8ueNJM+FQjFcz7h6ADwefl9//LyCL/2+Pg2t6xl40A+fhBTn34e94eSH/8QpmPCCPz6XpYOP3+Oa8fdBnveucx/1plPxLaqf5ul6hvgB3zf8cxdWlu72gmPw/fmYnx5+H+T57z4XMb6OHi8Pnd145BuHf+56wR8NG8KpAbFfz/xhCojc9Pe87cy7v+jY6z42fEjS9QyflvDZEZdkfOjhb1vc6jGHs7F8yOzC6tcz32658zAccMRObvrShx+GKytfgtnrGaqd3XCGXdrim4Dp9ajQ74Pg6C1/H6Q85vlah98HIeEwyEcFKEXQ0jughV3qDSnwWGTb9SSP8k1gZeBI8VK2gVIEZWN/WlCYYiUUAWNXArk09K+JDHz1AHjsBHO2dRpXSkxcQjxcz95/Pt7H7dhr90k1JwMHyp77bT/s5L1woPPnjfIwKFuw8v+nxsWs8/9Th28qfPa641VHPft3z0YLzq24Ntz+KVMXwGkd36K4quG7FHvCCcCvZ/sdsgONSE+5dPi5H0/u4QtOlLgb+fMZ0v0P2/HoN5+KXlw1+Rsrz3rH8AMcVGkgHoMDj96Jmdd99MInv+UMXtt4xYXt4gccgjMFnvZX/OXwVOCCx98HAeVD1psmXc+GDdvmOs/h2Vcc+IzfPAtPES6cd/ie4Z/xllzP8m7c4alHjfMGfNPTCXWLbyj+igClCHBo4aDFuzG8lM/6nbPxusugwwYpP9Y/7PWnjH0DEPP1DEEZA48FxWwrzS3yhwaknQleYlyaOyWCkqpu8zgzNq0btPMuAhdbpaAL6QxaNtA39HWs2UARTLkNYeAlsjlFqFR48OTqn9BY5r+v4OshP3rSks1A8b93hZQeriWdUknpbw2RziDYvBpKy9nrgG1oZft3PHL4tsclE3Ee2NmESgywCuokpIDKaJxxlrgNr/4UrZJHlcMpYiUuBoKBsbbOlCsJJ6yhwdq1klBiQCRyLVEp+3NXqUhkDBhTzHRKJaW/NUQ6g2DzaihtFLbn1elsQiX1CuokpIDKaJxxlrht6/gHKmV/7ioViYwBY4qZTqmk9BcipPCcgpNuud/Jlwxf+n130dqPY8/b55RL90cL/0QWcGfZ1TFkfzkBUC+rEkPV07KRdErgNo874nnvOvfhP3HKI/7jKfhEhevZpQ+f/te0TGsH+ptg1T2IhVIvMc54Sc4gai3J5hAoFlkhrne6GLSGiJZtthGE3uUtJaHkadnVMWR/OQFQL6sSQ9XTspF0SmKJB7R2oN/OqnsQC6VeYpzxkpxB1FqSzSFQLLJCXO90MWgNES3bbCMIvctbSkLJ07KrY8j+cgKgvl7NF7MWbkAc/CEFWQnMbpq6qggUgxyP9RWRTHmiU5rlzDvuwkfSaz984Ss+ftFzfu+cy590pIa1xi7f3LDTlZliKI3eSQklx0uIw7s/gDQrU2RxDghSV8rYxczCat9G6MFKsujpULOghRsQB39IQVYC39LHP2gNb41t6ZlxcHNyKI3eSQklx0uIt45/Xz1o4QbEwR9SkJXA1+P4ZzoQpMKxCkqh2jK7PjZFm5Rc4mPOOghdWKV8XdHmPF0YAMahhFWKU4oBeRiEliUTSG7MvVIY+FqCUlmVXlaFjvhA6BqHrSuMXQFKc0BCV0gzKIVqy+z62BRtUnJp6/ifojbyMAgtSyaQ3Jh7pTDwtQSlsiq9rIqt4//rePz33bk6zl8RqQDGFAOzeicQrSEB2rAu9Ivs708oqxJbvbMzg4EKUKp1CfIrGOV6jqeImWplEOKSYMhmGoBSBiIrLehc7g/0G8sdCyIVwJhiYFbvBKI1JEAb1oV+kf39CWVVYqt3dmYwUAFKtS5BfgWjXM/xFDFTrQxCXBIM2UwDUMpAZKUFncv9gX5juWNBpAIYUwzM6p1ggBfA8L9Ut4YClrQycKSEkqedUqBVot5pJAttfUI7Uiq+Eo9nGaaMTPmIp4x9FTmVEkqCeq72lYVdSKnM6lSARK5krKynou9RGkqMJXIlHoN+6vgorAwcKaHkaacUaJWodxrJQluf0I6Uiq/E41mGKSNTPuIpY19FTqWEkqCeq31lYRdSKrM6FSCRKxkr66noe5SGEmOJXInHoJ86PgorA0dKKHnaKQVaJepFdceO6X/jRa0or6FqyyM9G1qN/VFeLWMEjKUQTzulJZTzl4AWwpgi8Hg5eU6fvrPcn7JldouzG6KhZct66fdUcekUnQkOdJU8zqja8kjPhlZjf5RXyxgBYynE005pCeX8JaCFMKYIPF5OntOn7yz3p2zpz5n+r4gtblz8JWMsZUDXM+crX/nK10Z+5md+ZsU94lOwkg984ANsee973zu6VoAhBE4pkk5pOb711kDqMnDNtH6i7XhvnjNsYHUTCpwsBgWpFAYhDbgnGzotJefcdfirIk/8xdOnfBU0ei9jX8lP/MRPvP3tb0fgogO9LLmYPSEF7gnVkGaygYpWMlaa0/qGVhfolJxjjjkG33oXX3zxlK/iW28NpC4D18zW8S+m8+sWNy7Ts78cvIq4nn3uc5+7z33uw++Q1kHg3P72t3/EIx7Rv56FCb//+78/XgHXed3rXgc9b6ijhNLpp5+OOf/0T//ElFU3KwZBB0xbyJCdHWXWrFQni9wSgIHwz5T413Ufu2gyVaBliua20qoOW91tt/J6dvcXDvc3uPj+w9/PVDv9gKmj61mGLf/n//yfJzzhCZO0CkqPf/zjEZSTQUsHKpWeXGWwffv2j370oy984QspOtu2bVOpM7MsgbChbOsoDA488MA3vvGNJ5yw8ofwFXiqGAQdMAV6eh0Z3Ek6yqxZ6SaOfzKpC3BzvzFX+Sq/6EUvYmk6v25x48LXQq9O8SLiMAplXM9wQFMhMpx5+10Pfd3JR525/of7xBFHHIFrSb6esRerhhB8B8L8//1//x+6/vZv/xbxC17wAuiyBT+ggjW/T2QpXM9AHpIJnk4LS3l1goI0e0h2avUAtCZMf3brj8+96u1n8uspv3zGVFtGnhyUcn90PaPIQ8ivZwHafAXh81lew/UMoqp+wqUOmDouZsMShUB/6EMfiuNq167h762Ew4+lAw6YbokQ4EysDERIhfRsoIK1dfxnWroTPEjL6xmgM69OUJBmD8lOrR6A1oTrT54cFKXhVZ7Or1vcuOCZxysyc/zz90Ek8XoWXlfCP4B06mX7I6ZBNr+elb2Odug//af/hK7nPve5Po0f3V7xilf8+Z//+b/8y7/8wi/8wr77TvdD2WeffX78x3/8U5/61Je+9KW///u/f+tb37rffsPtV/BREi2Bt7zlLey64oor3vGOd/zDP/zDv/3bv/3d3/0dzqT7778/t3X44Yf/6q/+6he/+MUPfehDz3rWs9D1sY99DDqreB6g4Hv7f/7P/4ktfuYzn7nZzW7WGggd51/4X/va137+859//etf/1/+y3/553/+Z94oDgM584lPfOKrXvWq+973vogJda6Zjs7r2aWPOEweBfybRuU9iPk3G0+5dHgGdNsaNvLPHfntiffYZ/pdoUNP3hNVfP570i+dfuvvHg4DXs/YCMrPZyWs8nqGjzV4Gv/xH//x5S9/+ThsN1wzhhdvle/+7u9GS1l6zGMeM04djqVf//Vff/Ob34xXDS/Ks5/9bOrkqquuwiv7r//6r3jzhNcFCneDAV6+Y489ds89hz/RS1QFOFxxKL70pS+d8hEa8L2jEpRPfvKTj3vc47wX/MiP/AgOVJao6PhXKX/cZIlx2BmlZ5999vQspJ834un9jd/4jR/6oR/Ctwmf3qkwTgvPBhTQf3ovu+wyPL0YhW+E//W//tdDHvIQ6gAfXn/4h38Yp3t8g+AFxWR9RwM8NLwit7vd7d7znvegF9+8N7/5zaGHgd/1Xd9F/y1veUucgt70pjdhGj4P/dIv/dJnP/tZDGRVaD5QfOSRR+KN8qc//Wl8R//Zn/3ZPe5xD+owPO95z8Pz/OUvfxmv14Mf/GAo4JJLLulvCx6s4QDAEzWdX7e4ceFrwRelQN9XTnk9G1783Xbj9eymt1p5K0qnrmdMFxKuZ4TXMxzo1113HY5+xE996lNZ+v7v/36k7373u1/2spf95E/+JL5XsV30Hnfccfj+5zR8eyAGPAmi+spXvvLjH/84znTf+73f+/73vx8eVLnFn//5n0eKU+rv/d7v4eKEmNczwusZ9N/93d/FdfRd73rX5ZdfDr0cCB3fuohhw9URwR/+4R9++MMfRoDdG+cNYOeh4HQTniikWZmiBrqeTbnBq8tL0j2IMZPXM962JtyGjdezfHti8NS3DjcHePF7zn/a28687qPDQJjZBWDw65mOK+gMiKd4Bv7v//2/OA+ee+653/M934Pn5Na3vvVUG8GTj+dTLT6TJaaCrz4vJxdddBGG3+c+92HpDne4w7//+79feeWVRx999IUXXvjiF7+YuobjWwW99773vZkC39UHPvCBn/vc5w4+ePqjvbl00EHT35v/r//1v/7UT/0UY4E3QziZbq40JWtw074DAFdi7DyuZ9BVwtOLb2Q8G7ji4loCw61udSuW+Gzc//7357Ohn6EBBnp6mXLFI33mM5+J93MnnXTSk570pK9+9au6A+ILXvACXAbuda97nXnmmXgTie8X33O8yfvCF76Ab2r04v3od3zHd5x22vDH4TgQu62B3EPeZBGvHd6RIHjUox71iEc8Au9r88lKu0323nvvv/iLv8Ap6Pa3v/2pp56KB4jLNnTYMAQX74c//OE3velNsbcYe4tb3AJ62NajH/3ovC3Y9Cprizy9bnEjw+dfrwIJ6XTF00uo65l859/roIf86En4wrkM56zH/bfTmOo2kqD188aMxoLO9QyflhDjGwOxvtvf9ra3IcXBx73duXMn3hsiYLt+3qhpDHjNwye5E0888W53uxs8H/nIR6Acdthh+MbGN9IZZww/pvsP/+E/oITrGbuw8nr2mte8Zpg1gi1i1UB8K/pAXs8e8IAHPOMZz0CA7/DnPOc5CHQqAbqeIdaGxsoKEF0PKcn/fnbPlxwLm+4JEu5BzC5dzxCX1zPenvh2Tx5KvD3xEacPf2z6lR+/6KBjhlvkcLv8fIaU612fN/zV9gvve7CLHjgQ8Qz8zd/8jY66v/7rv8YrDl3+8qLFKko4S8rJAMcS3mRQAThm8PafMU7ruLzhZMo0gHZ8q+BF4fWM07AqwKcHvLUarKuEElKcl/FWBjGOKFylcIbFZz58JsABoBJO+q1S7hrmrsK9cvLvg8CDp5fHJBXE/IYCfDb4Mw8Y5FHAZ56pxMCf/umf4l0dq3hbqXMNPiHhe0ofcSDym4I/2BA+nCsHIuA1Bt9oF1xwAYJDDz2UD/Dww6c7TrR45CMfiUspvsen3HYeHw3x9pcx+OM//uP//J//MwJua8eOHeeff75vC2cGHZkYoldZA8ez6xY3Nv4SOKU4qIDXMylYearKX/yL9fTgOMZxwM9nVDJBR6rr2SSN8HrGn8jxmwGfoljCIYsUYA9/8Rd/8S53uQt1kq9nAPGDH/xgnOnYSD7zmc+ghLeKiPGtTuc973lPpPnzGQ76KV+jNZB7i9Pik5/8ZATYPX7yuNOd7sRGkZ8iKIQxReAx8DT/+xkuRTD070E8+/ks3NUaMe/niXczo+smN3/QcDft8Pns1o8dPruffvkBnR12cML9zd/8TVXxceQVr3gFY77BCmdVBkQlF3Es/dqv/ZoUvA3/q7/6K8Z4/4HXC6ddeJ72tKchpR7gQJ3IANL73e9+eMOOM90kjUDH6iUq5513Ht4e7dq16/nPf/7nP//5u971rjjGvvSlL+H6xNIBBxygEj7ftErqGjZmcCuBcD2DB+Dp5eWcqT+9s88Gn94pWQOfTl71qldhzqc+9Sn0Yvd+7Md+DJOx2zzmaYOCKr+jEWPFKJj9WQUo5YE//uM/Dh3fbjgFwcNvZ7xrPOSQQxAcf/x0M4pxQAQ6Puvj81lpwPX7KU95ypTc5Cavf/3r/+RP/iRvC9d4vJraFuGrjH2Y8pHp/LrFjUvr1Z8IBxnR9Sw3+7+fOXDiuwLHQet6VorAr2cy8HrG7xBeIXQ9g+eSSy7Bgfu+970POrjPfe7DRqz590HACSecgEcE/c1vfvPDHvYwXmB4zbv1rW+N+MMf/jBicPe73x1pvp7hvRtTeLC2BqLEvcUu8Xp25zvfmVVdd7khxiSkROJoL/xc888bqZ9w8XgH7eoexDD49Uy3yYYNKa9n+S4zvJ495ZfP4PyL7jfc/lSfz8h59xg+BfLWcRl3Epxw9fuNqOK8xrfnojyrkrKEY+m3f/u3GWPg1Vdf/YlPfIIxVrzfv+Md7/iyl73sox/96D/+4z923uxrVxngrf33fu/3UgmopJZt27bhSLjiiit+93d/90UvehEOVHxS/4M/+AMYWMI7m1BCF74NWyWg4cBjoZ83MqWn//Ti2cDm9Gzgm9cnl08vpuEacNvb3haXT/j/6I/+iL+QHK5n4NOf/rS/Q8Uonk8AtqINtQa2rmf8BU62a4gC8NrXvhbfywiCB+B6hm9JKOQNb3gDPqIhyNcz3xbxAwAtXKfz6xY3Lnz+A3pRLBphoOsZgUgda/nvZwAlfT6bpLVpXFv49UzoeoZeXiF0PdO/YQD++ga+B7QJHIVQ8A5XCgJcVCDiHRYVfOxDysvP0UcfjRiPlz+j+JEf+RGks9czHwjFB3Jv9flM1zMEaofygz/4g9/5nd+JWGILVd2GmGnr38/69yDGxzik+TbZoLyeQT/yjL0RX/OhC3hLvPtcO9ySm5/P2Ai2bd995z74XDVsgvoUjYQU9E+4UP73//7f+ndT4BNCieBYwplU96f9hV/4hd/4jd9giR/4qO+///7//u//jjfdTAk+UeHgyT+QxEf2L3zhC/wEQ/84ZghY4nVRInjb29726le/+s///M8x8wMf+MDP/uzP4lNIKOEaoBIbOyWAgHu4997rbxdUDdczwqdXnvx2gejZmPIRPL3+aQbgCfy3f/s32XA5xFVQ33r4dKXfldDPG7VpXc+kAFzdMRDfOxQ1EPHsNQYtBx54YH69+PNG/2gl8s8b+Vsw2tYZZ5zBbfHzmbaVDwAynV+3uHGZnv0RvRz+ugzg2JqikfJ6BhDr8xlTwhgvOY4DXs9UHdpGmALGWH/qp34K5vD7+qx2Pp/99E//NI5FvIG99tpr8c2PEv/Jl+zYsQNvxCD+6q/+Kq4Zj370oyHiovWv//qvEHGNwUxcrhDj8sNtwYn0b/7mb/7H//gf+D5E3LmeEQ180pOedK973UsDUeLvN7auZ8T//UyUT5FWDxy/ngV/5x7E5W2yWWp9PgPwI33Cz59+r5ceh4slYn4+0xbv8txjMO3C+66/4SAyMNCq6xkVnHB13qeCD1sw4IKx55576hBFCbB02GGH7bXXXirheoZDF2/ScR581KMe9eUvf1mnyyuvvBIv1jnnnINTPz764KzHX0kg8OBbhS8cU+oABxsOpGGTJgKkLDGmSHAY//M//zN2A/Fv/dZvfe5zn8M5MZTQwpJ+AS93qQTgb+0h8J83soTV3y4APr2s4tnA8ZmfDY3V08tnnjq+3X7sx34MFzZ8l/3QD/0Qvll4+QEvfOELP/vZz2KHMQffqvjuCD9v9POJ8IH4jtZAXmPQ2/nM5M8GgZ+/D/Knf/qnt7vd7U466STsj970POYxj+Hvg5x66ql4qtF7ySWXQJ+9dupVdrCt4eS6xY2Onn8GBXzrypgBXuDPfOYzeD/obwZL1LjffvvhUMZxkD+fEcQh5UXL0bdH53qG8xSuB9i9L33pS5/85Cdf85rX8E+caPhDHvKQj370o/gWRddb3vIW6rjq4D0v3mfhW+jqq69GiZcfgLeTeGuMY/3jH//4Nddcg5J+/Ah0PUNMP/GBL37xizWw//mMlNczETYkxt1ZeQKxhs9nFLHiNe3cg7h1m2yg6xmc4Xp2xGl7P+VXznjFX16Ej3d3evrwr278fEbgz7+vz7UEJX2AIPwAgWBy3OQmF1100Z/8yZ988YtfxNOF8xEe01RYLfG3WAGuZ29961vf+MY34gM6PjH4r9jd8Y53fOc734lzLko43+Hl8w0BfKtglH4fktzlLnfBgXHUUeu34RYs4Z3NlNuD5Q+xYYDy9Kc//atf/Sp/Lw6UJfaqhNRLwvcQfop4AiE6OCxZ0tPLVE8vyM8GPTLj0hieXpTwXfAHf/AHf/d3f4fvlJe//OW45vEbFiV8usKVGNdjvD19znOeA4O/y2xdz8qBmNa6xvgveuDjIBS/ngH04l01DoB/+Id/wM7jXMR3EtBx8OCii7etODPgmvewhz2MLXlb/HzGbfkBgCFDwwji8ey6xY0NX4XwWmgdwCudP5/hFQU/8zM/M0kjPoVIwXcRW/x65sjpQxAHXSkJKciKCBM6TufAAw+EkzzlKU/BQ/id3/kd6FTocVxkPGsDuSvT0jssGQtQIlO+Ka5nu2jtSWt+SyfjsMmA65n+j8MAPXIqICEFVP7wD//wR3/0R6kAt7HUasxIdwPioCslIQVZEWFCx5mBmUz5mjIlRvBoFdu3b8f7vPDOIHdlWnqHJWMBSmTKF+MHwCbaS1p70prf0sk4bH7H6JEztOQJ5cwltrIRSHcD4qArJSEFWRFTCe+tcEnzcbe5zW0uv/zy2972tmeeOf0+WwnM9IOb3exm8AO8s5OYySUqnRbStwUdKRXXQ6z0mc985ic+8QmcB3/5l38Zn/lwPXvSk57EEpHTPx8sh+0aQobNryrAlVwt6Q8BnTkqlS0ulkOyWM4h5YSFtOYgVsqA1zPXSUgD9APGEvHxCO8H/ROYYOmYY46RH3gvg0wuUem0kL4t6EipuB5iT/vI2Tn+8Wnm4Q9/OD7HHHzwwf8/e28CLldVpf2DGRgTEmhQJANDSEgIGIjQzAmgSBASZAaZiQgC7QTKPA8qYisgOIGoiP3ZDtiADIpMAgooH2IziDKEGTsCAQKED/7/95z33PeuWmvvXefe0KaH+3t4Nmu961371K06t3adupXan//855988kn9ZYvt7nDV4cMNsEqsJilPAgrzqJRswagTIDlJFJPzkOQMLcnNg1ipDQhT4lIH/YCxRAYF6qZem2IrOmKJSqGFlG0duj1Nu87riIdBTJq8E6s7jyvpVklnoJGBQ2LOEJk5cyYuLl9++eUFCxY89NBDxxxzDA/NGQidDthslTFgSphGHTglGkjdmi6RctXB29wkBoltjoXR2mwMXArKSqz2D8xjr8/cowMYWyVSrkbinIhJk3didedxpb/b+U+smXE9QQN1h72Hx40bd+edd7700kvPP//8L37xi8mTmw/WsiqbxSnRQOrWdImUq47/2ec/Yfq/8/xv6FKusYY2flF2suo8TkRAmAonKrYiaVNqQ3IexDaNsGpHG7y9YFo3czKtXRUU29A09LRTjNhSwQZUTdooulLSqVMf5PwIYskqrhpx5q5+UXay6jxORECYCicqtiJpU2pDch7ENo2wakcbvL1gWjdzMq1dFRTb0DT0tFOM2FLBBlRN2ii6UtI5cP6TaKiQWpsrmFqSokOelmba4gsom9au9GzUZeDoSJb6lIKoCFtibEfhbK4KpMQgUvWnqk5s4wEtbZY2LbkDYYylMvK7Rqd3nTZnsPMQppak6JCnpZm2gfMfSIlBpOpPVZ3YxgNa2ixtWnIHwhhLZeR3jU7vOm3OYOchTC1J0SFPSzNtC3n+N7jPgwj121G4FEQlh5y5OXOTY1RJAXCiLQGkpMkzyCBzVHIkDVJiKUdXJw0tJ8zZoKtk4wJJj3rjKCqHUVxVJPXka8/cDMIZkMYWq8Qqqfuqkh2FS0FUcsiZmzM3OUaVFAAn2hJASpo8gwwyRyVH0iAllnJ0ddLQcsKcDbpKNi6Q9Kg3jqJyGMVVRVIfOP8FFYwqKQA2zq5nC0N93IomNziRKUb74AlVmYqoROChTUEkpxNVGbg0GVhcl+BPWu4ltuRmc6mweqwCickqyPVSia+hQG4qkpyw3FJGvYVJ2s+/MLckB+YkTW5wIlOMA+d/xJbcbC4VVo9VIDFZBbleKgPnfxswJ2lygxOZYnx7zv84i/28fq7N6oiTn9fPHtIgTwzKwOacsZEKRv4zsnXWab4gg0Q/kW4NznzjjTdiwj333LPrJAXaeBxdW2go2NoftLwJNUmegkBHcf+qF7wtty2J2m3A2I02LZPzWD03W5/mj4EDd/XXv/71uXPn4sTDvQqbc8ZGKhrdgxX94JJLLrnyyisZW0PSDDGpA+k77rgjbvCyPfs9WXK9Bbq20FCwxVL1z5oGWETo4YhBGdicsze1JzpUrGfz5s3DiZj88H2cBWy11Vban9oZhNP5xRyW1157jaV6ysRxo0hyOkGV65k+dgXqySqavBPqrmpTrmd77LFHk9dU0xmPYisSW7JVxlYB/EfT9r+4CXU9TdPLgCh2gfUApNIZALeesaR/NE0bR6FUgdYz67ddeGgO6fmqQKsDWyIwkCY3SGRgU8I0iaqDevYgZgpc6fjjj3dTVVP3IIWBI+oFZyzNmjULvyBTp04dMWLEUktV2yaI3DwkWa2PUNHkPXA9o+6q0eyopjMexsn1TLa6w7dYpSX1NE0vA6LYBnooqTTPrAMsCvgQOKqHMJwDSZH06kssUW3/IVjAeoankrrd90/carl9vrbGu9Zqfp1kQGC/74qKqsDGhOvZE088gRby29/+liXXC6JSRis0G7uuZwpEVCxxPWs/g9OV5q51uJ6VN6HGJG5aQBEw1miRUvk6q8nrM65nG+zW+20jgqkT3fVZdQxzRIxctCRa4nom6K/m6pzNKkCxFS1O33fffV/o2YO4mshUk5tQy2CdpO7uFaNBOCdIKkceeeRf/vKXJu+GO/8ZW6gDpQx0fSYlhzNEP5W4nuUac+c/KVcxiZsWUASMNdqHEkrzzDrAokAPEwLRRskinwKuZ4xFPeHiW8x+F57O7PfrswujW88EDaSaoiflenb44YczteR2fwZoX3fdda+44gqckS+//DKWQH1bz5AhQ04//fTHHnvs1Vdfvf/++4877jh+FRbgenbAAQdAnz9//k9/+tORI6stUQA8p5122pw5c15//fUHHnhAOwiDwYMHxxJvv13PLrzwQsT33HOP3TfkYx/72Oc+9zl+f6t+5PLvZI7clw5j2q6bUBc2ObObUA9durlhyU2oWSL2S60AboN+OsAUNHnPeobXwtqEmjouMnCnObgVcqEELs1vQo3jxk2oqTOIm1Bb8LIdp4d2mqZI8MCxRB2nhM4TKhjPD5tQE1eyM6vU5D1YD8B92NwLPUBhKe4ZjV6188uf4mbNAM/pf/zjH3FH4UrlqKOO0pkJPx6vb3zjG/jlQqMuYgCmPcZs8az9qXlEW9prr71UsuvZGmus8cgjj+BHhk5DgdyNTx4Lt5/fXJXcadoeTg8lU5xszTPrAIuC5JlQOD1QctWOFM/m7kkW5bieqcftF0OdY249AzBYJ9F6FktYCR7ObCe92mqrvfjii1Cwbl199dUY9a2POJWh42S96KKLMCI+99xz2cX1DCvZrbfeOm/ePMQXX3wxu3AIpDBgNhgQ77fffuzKlYDWszPPPBMBft/4xf9sBO5LGtnFmLgUUJGuIPkljURfOuw2oQZd1zO3CTVL5U2ogb0+I+4G25sHcA+8VG9Cvc466/CrLLVHJZ24e3MXYSrZObGeYRIuDNyEGs+YLMVtl6kL/P6gF35NaGfmHsTucSR77rknSvpCRW0nTRvHu4o7TR977LG5EroQuCMilcIAT832m7IB9N13391t8aw9o/nlvPh93HrrrceNG6fNmsFHPvIR/DhYkPDbtO2222Lt1/f2YgnBrz8erwkTJuBqFcukNoJIbvGcK2F1YYnr2bBhw9Zaa60nnnjCfeW0hQrHwo3XsfTNwjzWxhtvjPhD3Xa15qNsvxuTT6wDLBLwcNvHXUhnrNESlQY85LbZvt9IcvtTr/re6umStLk+s3A9s+h7rDEVuvA7gN837f7MEjxIb775Zr5Tils+cWK1KdeYMWPwy4xXZOiCjvGVV17Bsxu/dwc/Drq4wyz3nscvKtZyvDrDqzzYuD81fnVRwlKKGBdwtrTbbrupBLie4WZgxFOSrvb0w7pNqKmragNiRWCV+PezmSePhl7YhBqNLTeh3vKwlRHvds6qaNEm1CNXGYqUx3XrmTahZspbaIFCGOMeiJtQs0QPHppDDz20LvbOplJc6rCe6VEA5U2o64NUMMXvDx4UrX8CBtxC7kEsPwOgEs1A20m32Wl6qaWWypXUVU3ajbieCdxIBtriGXDzFLvHCgOAR+Szn/1sk9Rf+YZXjQjg4SUR99wBuMbFSU6b3XIFpTt6tngGKkHHyBJjrmebbLIJpj3xxBMrt7kxCIgVAW88vxTY6iC58wsCrGo4EH6pp/TsNM1tdFZaqfeFINCjTBHwiXWARULzGCwcvY8mn2hw+jIluj6Tr7w/NSlcnwFOZU+j+Pcz7Qef2/0Z7VxC9JXqYma9tXSEW71wPcMvFW8Aljqk+G3hazq8EqznWAzPL1gUoQwfPlwltmD5ZInrJdczcsUVV9TdWTADJ4nkdKBS/PsZl6KWm1Aj1nrGObme9WMTahA3oWaQ+0Gwnv3yl79skvpyRLskk+SixdlUssfCenbttdcyBbju0SbUK6+8Mk6bZ3q2XUYK0fYyIEgJ4+QexKzGUp82oWYJq1qh1Mwb4A0gyfUM1xm44sG9aveMZgnXWDqxSfXTLr44nt+bE9eAH5AGrGc4t+kEuHZ8+umn2Y7XCtoUDSVu8czUloAtcT174YUX8NJQ++YIzNNEncQbL3LHct+Uj19hflO+3Q5tl1124UNpj9s8sw6wKKhOssw5AFyp7OytdiT5v59htO83UqlbK8rrmYCTo/37GVK9hMcrStwAlOLuz7DdcsstSPnXFE7FgOvZX//619M7wXUbDFzP9B4Izmmkbj3DJFi0kIJll13WLXUq2fXspptuwstDBLiw442xN0kxYSrRVR3Wlvv7WW4T6qHLVPck17Nxm1SPlDah5rRcz+KmndqEGjposwm1LTG2CsB6dk3YFKap1Wa3ntHGOLnUYa36Vb0JNW14yc9NqKkMrTehPu200x7Kb0JdH6HjRgK7B7GDJduCcxUnJDehxg0477zz2uw0bUvosiVMrvM/B9czezMQ477Fs/mWW26JaxH8AmqLZ4Bbxc2aHbhPcMbaN10JU6xnN9xwAxXg1jP9dQBwi2fGWmNY1e7PiLmeHXjggWeccQZeleJ2Vg09zhznn3++3WnawpuBwB4LgVvP8CvMXWbsrmnJR7l5Zh1gUcCHAA9l1/MfwMYHnSju1ZOzuOszO7q/n1m0njVT9xwGMKYIKOY+D7Jtz+7PtGn3Z8So4lkAKZYTLDA04PSFjsUJ+vz58/kLQzPWJAZcz0466STEm222GWL3fuOkSZPgtG8qurcibQl3GtezPfbYY8MNN8SLbrw01sbZ1W1afHEsw182m1ALlDQmcSWkWs9UYrD0coNzm1DDgMs4pG4T6qo5s54h5vuNyU2oAQ/6jkGL202ou8L1rEl6duFCoJ9FWyFLEbGEAOsZ3xBjqk2oXTsePjx22k+ZVYh4dlu63tXP+vFiCGdOXPzgUcnNX9hOWiUcrk2pnq9BtxB+0hTqpcWuZwgG9WzxTMVu8YzqAeb9RnapFxdz3DgUqMRA7zdSvOyyy3CqVz7zRh+fNPRGH2z2PUCkKgGuZ1hdMOdvfvObm2++GTebxyL2QQEs8cbj0so6GetYTHWs3HrGNy1B7lFunlkHWBQ0j0EADy5p8p6HW0pd7K32gtOriXrcXM8Yu54261mT1yQPSTGuZ9S1+zNKszp3fwZrrLEGP9CBV+U///nPscBwD0CUvv/979P5k5/85PLLL0cjfm/ZxfUMjddff/3zzz+PGL+3LOlDH5iNH/rYf//9CyUeS+sZ4osvvhjxt7/9bZY4FjbttLaYRuL1Gcz0/302oWaJxE2odWM4Er1OSq5nbAFQ3FbItLGqUnIT6gkTJuBVP15z6Amdm1BPnjwZr2nitssY8fuDB4WXJhSp4zkx7jTNWCVB/bj8dtL9KwHMrFvIlDpJvt+IpfHCCy/EnYMXZ27P6GWWWebBzs2a9TbdwQcfjDsHCySe+qdMmfLxj39cnzvF7wXuXrxq1OdBdt11V94SbvGMXwG3xbNK/IzG8ccfzxK7tJ4hxs3Aj3zqqaci1k/HnTndfmlY3nI33h7L3gyuZ5hW6xnfb8RiCRHEh5LUz6sDLBqax6AGj1ET1bg0Sf3AVjCm6MFpMXfu3JEjR7oXTXVj4pAYhw0bNn78eJw9yfUseRWYuz5DC5YxvHrFEoJfV7v7M0oAv4FYYPCLAQMOx6cnVPH6FHfQn/70JzzHwY/XcTjd6ymb9Qwv+u677z78Mlx11VX6cwheNp522mmPP/44uvArpDe4MCeeI5IlwPWM3w+CJ1wcDil+93hLMLrPg7jRBg5rYByvz4TbhHrjfXrXvNwm1JiksJ69c/xScRNqe9z4+UZQ3dAamzLWekbFvd8I3CbUjVrjSpwB61lyE2pUc9suC5wemApPndXt67mFdg9iCwwq0Vw3NV3cTnq77bZDjLUT1+jL15tQq2R3mtbJ1nITaq5nDr3fqNsAkls8N7X6JSbuKLtZs3r33ntv/ILgp8Nv+g033KALWfjxeH3zm998uf68/rHHHqsWBFir7BbP1U2pq/gFtyUsNmrRekYnjotFd/r06UyB+5Glr7zyyskbj9Edi08v5euz+FBiJLgBAywqmsfAYB8aB0qkyXvoUOgASnFa4DwA2p/aVu3IAGD5YQvXMxnqokd6zuCAjU7rt3F7Cl0qISjYFhLOnJs/6gU/RKsnPQtP4RDlVEAnShlYokjFdWHEehY37WRslfa4nabtJNqe2FU1MiAxtopFes7ggI1O67dxewpdKiEo2BYSzpybP+oFP0SrJz3CbTXensIhyqmATpQysESRiuvC6AIikWk/UG9yElfVyIDE2CoW6TmDAzY6rd/GHvuWI5g2bRo3m07uTx0ngsL9qbfccsv3vve9jVojMwONDAo4j/MzlejSiC05m+2NtqQ5iUoFj6XNVI42MzsPUtLkRWiL5mR7mzmdp01qRcUqAa5n1B2yYcRrdps6JOLyCC8SR40axdTCUtyfOk4opWtJI4MCzuP8TCW6NGJLzmZ7oy1pTqJSwWNpM5WjzczOgxSssMIKyYfSwV6OlqiApOhwnjapFRWrRChGWOLY8vwnSU+OaJbStaSRQQHncX6mEntT/NhYzHjB7nA9ws0iojMCT8Hmqs7pUhAVkLQlxSYyJMWIs+Umx6iglhPYUrQVGkVyhjaNgLbcDEQxdUtOt9Agm/PrxKsm6vRYxVJYz3LYeWJcHSZ1IFWZCimulJzEAU/B5qrO6VIQFZC0JcUmMiTFiLPlJseooJYT2FK0FRpFcoY2jYC23AxEMXVLTrfQIJvz9+P8Bzk9h/XHGKMVhapMhRRXSk7igKdgc1XndCmISsXgwYOT61mO8iFFI9W41GGrimNAmGJ0OlGVIwMXR2xJMe4TxlLcDLGrYCBRIdKTBohCikZLVEDVltE1OuqOhJ5DZhsoJi6NJP3VLDUULVZ0hrqjoZGCRzhbV6zZNdYzNTRSjUsdtqo4BoQpRqcTVTkycHHElhQPnP9N0gKZbaCYuDSS9Fez1FC0WNEZ6o6GRgoe4WxdsWbXWM/U0Eg1LnXYquIYEKYYnd7AlSyW0+4ebJWxRgbAvvSwo02JjUlUQFIE1PXrZ3EK0/LYJ9BS7k3q/WiJyIZAUHHkdMFewlQ6g5Y4f2zXKSGsBzFRyqCA9dStHWkTtcP5y+3xQBoZgIHzHyT1frREZEMgqDhyumAvYSqdQUucP7YPnP91vTclNiZRAUkRUO84/53VpohjlTR5gKWFMRAYeKdEZ0EpT2urZWeEfjvmKB8FikTFdrTU9YTI0ZbaxH0iNkJJik2UMVhc1foZWCUiD9OIK8WUNHkGa4h+KqDJAywtjIHAMHD+1/WEyNGW2sR9IjZCSYpNlDFYXNX6GVglIg/TiCvFlDR5BmuIfiqgyQMsLYyBwNDn8589thytjpwBuqVRMziDa2HsREJljTXWmD179owZM+Th6FC1JdacbOzTbAXK87Q/ipwMco1WR+xSjTF1JHWIgGdeG9wkNmUsxTkBlCg6rIFx3eTFHOUqyBmqYxgaNYMzuBbGTiROkcfpRNWWWHOysU+zFSjP0/4ocjLINVodsUs1xtSR1CGCgfO/OoahUTM4g2th7ETiFHkanZ9sbJIe7Of1VbIPmPMD93l9EZ0WVZ0NqVMsKO299944lv1iQGC7GLiRAbGxhXrZ2b4XKE1WI2UDql1nsNDMLiEd2E3OVFIVuJg0eQ1S/iMzqztPGZ1acQYpCGzMABRi0uQGK7Y3lM9/EvWck6jqbEidYmHJekaNGoVfhw022EAKAzcyIDa2UC872/cCpclqpGxAtWCo/kHTAIua5sGo6fpouoBUj3G+kaXoqVL8lkYV69m8nv2pJboAMOZY3p86KlyQIlOmTJFZ80sRWs9cif+UUl8mQuiJJfezx6MkgS3plGif+CJsB01eg5T/aNr+FzehtsRJQFS6Uti0U5ucATdzffBexX0JiIW2/zDfxGgbgS3lqI9W0eR52njwGs5uT2xxJc0WA8A4HrGvio1xb7jdBjBag4OlkSNHXnLJJfxqK4nETuhwpcJRLNWtSTkl9u/8b6Ialyap5xjYafq/IvHhKyuuqpQBRikRX0K+5JJLulMQ6xnO9SbpgZ3cn3rlic33hljs910lbwFFjjNmzLirZu7cueh64oknmI4fP7729pKcStg5gV20XOPEiRNZKk/YJ9zRQfKX2R0RKWnyWuF65jahpkfOqqdHESwlkcGOLnXrGcW4aScDi52tsJ6RuGihizMUnnAFnTawUEyWkridpu3LmuQm1MTehvJTNkjeGIrJkkjeUU2UIs6pmIEmlJMBiMfqK5qTKej3+W+DQiqF2P3EQfOEOsAihQ8QHxELxWSpQNmfmJNvOVqS6xlJ7udJ3Pc3utuB1Cnk0np7xqOPPppVjM8+++y9997LmOLgwYPfeOMNvrt4+OGHw0/s+424lGxUA/+h0gYbbNDkBpYw/5Cwq/XQoUPrKStwP8CMX3usta+//jpWX8wGnTeMm1DvtNNOTKX3g+SXNPKpNrcJNUoLvwn1tIOrDcf1fiNAYNczKnaMcD3Dy+SF3IRa2wDhrIibUOs2JDehFsOHDx81alT80mGCuxSPsrYnBvK4UtxpGtidppHa+buW4o0RuTsKLeUJJ0+e3Lj/v//PfpUBrtga1VC451kiWCT+2LN1Ne55LlE8On4R8IhstdVWd999N34d8DLU/jrYwMKv3cLvNX7Fuu40DfjNVcmdpi144rKPF37k5gl1gEUKHw53JiB1ioNVa7MxsDGJSgVOC32dNhW7nrkermfjN0+8gE1en7l2pnbUelaVa37xi1/gd0kv9GDjVdc555yDdIsttsAvM57soNj1bMyYMdA5G37TEAM+PxZKILmrNUs4NNczrKY33XTThRdeePvtt0+fPp1VEL90mD9UEpSSVYpczzY9oPnyb+vk6lLehBr+hdyEOh7Rrmc2sFDEPfBS2ITaNuJuxFMhAoocCUtN0lPig4XncaTJTah32WUXbUJtZ0OM3yj00q+SArs9MUWMDNzOxdxOmiWBlzV4Ci7sNO26GLCk1I4O3VFNHvbCZqAJCf9+hvXMzYlUd69tZ5wsJbeulgH++fPn//rXv8Yytswyy2y66aYTJkxQFdiY8JuF8bSAB27NNddss9M0RsTaafqggw7iTtN85a1DxIeSz6cDLFr0cNiAMLVjEltS7IJ0O1ayWOB6phUF5PanHju1+ppR4q7PIvA0kcGuZ5zni1/8IpRx48bh9f4zzzyz88478ytN7Zec7rPPPlDsegYRo95UtCKD5FuRY8eOfave1Zrf/213taYH9wO6uJQSXr2xGr902II7MIoOGeLfz9wm1HFTGNB10063CTXilScujfhzD09dflS1wTePy+sz4Tah7grugcd7NqHG0bUJtcDdGP9Uw1HPqkAz4Kzg1jyIAZ7Q4ybU0KkIKviNwoOi9c8Cg9tpWpPE0uGHH57bTtrtNI0b02YT6niDAUTCOK4xhQ2vaQBd17OoY+SDgthW8TjqlxGjtq4mmAoHsh88EVHh+W+3rXHYXWbAHT0bXnM9wy/alHqn6ZVWWok/IAI6AWZ2jxfg8+kAi5bmwQjEMwRAJIqlM4hYm+hQ7FuOKOj6TKY2+1OvvPLKOOcK6xnRnAiAXc/IvvvuC+WDH/zg9ddfj8Xmy1/+MqpQcHI3DvN5EMSch3r80IdKcakDs2bNghjRsXA/IOXLRoumBTGWkgwUA8YY49/P+r0JdW1s1rPCJtQ8tNuEmqI2obaicCnAemZfW+DqwW5CDX/yWZWw1CQ94KzgJtRswYt3bUKNl01Y6rQJNVLqOTCDjqudpqUQpLEUt5PebLPNcH2P9Qmnhyt13Z8aJU6r+REIKsDeG9S77moN2+jRo3GW2vcbhSa0RwFIUXJ/uXxnvdWnA3dLU67XMxzavVCLsRQEuGrH9ZlVFON1CS7+JLqdpqHw1xmvMuNO03q8mryepHlCHWCR0jweGfAwKRBUHE7PpVW/SnxFjPWsV+q5PrOK4rj/mUrJ67PkJJa4nuEXGApeGL744os/+9nPbr/99ksuuQQv8biBJwwYW16fWdxSR//M/K7WMADcDzCst9569BPFVszBe1jkWuLfz4hbz4Ys8Q6k+K/eVLPj72fJTagnbzsSqV3P1t6m+gBI3ISaKXvdJtSCVY4WrGf6PAiqWM/cpjDxaRojA1sSOCvab0KNF1IsFeA8uCCw2xNTZOBKAL8UOFu67jRtS5jHlc4zW1frcBYnxnuDE3IvbHczhL0+c+db8u4FcMYS1zO9VUsUI4AfXYypMyhwfs9O08S2aKdp0manabXr8bITNk+oAyxSmgejxj46ybMlKUZo08jA0ihDhgzhL4B16PqM2JJdz6QzWMj3G1GlAc9WCxYswG8s1rBp06a9+uqrv/vd7/QJkbrJX59RBNylGi9jrUjwy2BLHFdffXWI8+tdrdWiqzEouB9gsJeGtj25CbXmSRKrVOx6Zg9ReL8RBlzGIXWbULNR6xni3CbUcLpNqAk3ocar8CY3NxuBYsBY6xlTrWdyaqdpYNuB24SaI84K7ZIMcptQDx8+XJtQq8T9jpdZZhmmmja5PTGruZ2Lk5tQF0qcLdflbiE/sSJQBfaOAmwp72oNT+79RuAmFLljxa2rLVzPELDkDO6eJ9ppmqlt4fuNUrCY2Z2mocf1jM5Zs2bh8cITjnoZNE+oAyxS+IhE7EMfQTUanBINwIvuBR3Kbj0TKPX1+swBM/06qLs+Y/UPf/gDxDvvvBOvkfEiDjHfWEcVL8qwhODZE+KcOXMQg/XXX59VLM/0X3nllV/5ylcOOuigatIaW0KLSoVdrYHWM94wh/v7mTxJM0R7V1sP4tz1GYibUOuT9P+pm1BP3bn3zRyQ/OkYcz2TzvUMKRWMyU2oiSuxC2cFTkI8sU6YMAGPFF7fxE2ocQ2Ni3g8V3ITaoBGjPiNwoOCiwymIrc9MbCl+vhN43GZ7aRhUAlx+02o67k7PrEikXHckhulwrHYyPcb+VFDwZK9e/X6gCRLua2rOZvWM0KRIE7e8/w8CF6Sbr311uPGjcMt18uX2T07TY8fPx4/I3rtTtMI9H6jW8/0eNkDgerZdIBFTfNgpMDjxYfMPRNSZJwLgI0JFTsmwMkU96e2bsUKcM7haQXnHNazpBMwtiOw61l1RVDr3/ve9yBiQULMjzJ+9rOfrdyLLYZfAKSOPfbYg1Ww1157PfTQQ/idhI71yR7uwx/+sC3V9tKu1qCwnuHWaj1z1WgGUYRCEaNbz1QC7xi8+LZHjdIm1FicVMptQg0K61lyE2qWiD7fqAMpIDwdJSbfb2SVIy4d7E7TtbEhuT81zop+bELNY+HRxFR604yjtieufDUsgVgiMGg7acR2O2mVuD81SyusUH18BqVp06axSyX3cUp7Cy24V+MdpWPFCQHudpQsuIBjiYezdy8/00vdleyDsnfn1tV4AQGRXXY9s+cAR/1cOgTBK1230zR1zHDCCSfYDa+px+sz/v2M61nyoeQRcQMGWOTwsSAxtqMD50PUk84sfF3GU1PgZMLZA7Q/NcjNSx2/RWyx12e2BbFNHckqFN0wVu3YEpijvzCD9SdtVrROqwObxtiZgZRyYw5WnQepFFcqY7tio1ViNUlhkuQMWM/0DwSpkMLhyqXbbrvtggsuaPIa+llyOxdDZNUSFWL1uq8jbaLMnCJZhTJw/jeRiZM7TbNq/QCpFFcqY7tio1ViNUlhkvIMrlowdy25J3mKdhRInQKiQqxe93WkTZSZUySrUPp8/tsfUj67PzVE18/UiRtssMGWNfZDVs4D1Kuglj00gCbPI08bs8O12KlszAAwrosVFEVUIrEx1xVtpMnfbjiz5rcHigeNVZ5FsT32JokTaj0rkJw8KeJqBi8b3fbEdNqdi3MTOp2pE0FtTDgtVGpjehJCA2jyPPK0MTtci53KxgwA47pYQVFEJRIbc13RRpIP5cKDmTXaANiYxOrbfv63Iensa3vXQ0N0OlMngtqYcFqo1Mb0JIQG0OR55GmC+EgQKxLpjmhrok5yuogGKFZkbJUczomAMAU2BkxrS28jR5taRTFwMVMnNlHoJVEBEpN+B0T70qQAzYJpPUcT1LKfTTqIsVW6AnPssjGw65krOQqT5CjYUCKMKRLpjmhrok5yuogGKFZkbJUczomAMAU2BkxrS28jR5taRTFwMVMnNlHoJVEBEpN+B8T/Sed/oeRo7xQFG0qEMUUi3RFtTdRJThfRAMWKjK2SwD5ssnbpMRScKAmm1Au08QiZYwDiVE6JBtG1hNF6mAKlLhBtSg7qGAlF4lICEY8pS1VDj0eBw+q1vSNtohqlmh/kPP2AveUZUM0Zot7eSaTnDJGCEyXBlHqBNh4hcwxAnMop0SC6ljBaD1Og1AWiTclBHSOhSFxKIA6c/6S9k0jPGSIFJ0qCKfUCbTxC5hgkXoz01vpyGDrb+0l1sM4WpTEoY20xxhhFodTpoGrLN+agjfct41xj1JPO9u0LA2fDSCi2R112LGM9ivvdmKRPVaRWcdUCdLb3k+pg4QbkgjLWFmOMURRKnQ6qtnxjDtoGzv9aLmE9ivvdmKRPVaRWcdUCdLb3k+pg4Qbkgi7Ysy0HqxjLNotzqtfpQKUcMpRtFue07bbEON4DNk4CA2FMsSvWqbgwSWHmQpelpQ3A09LWRD1YxcU2BVYplIQVY7WM9dfTdKRN1Bq21NO07XVO9TodqJRDhrLN4py23ZYYD5z/AJ6WtibqwSoutimwSqEkrBirZay/nqYjbaLWsKWepm2vc6rX6UClHDKUbQ3699TE9igurHkSGSTbBRQnWsXG8SapypHEWIpSKUQpg7reBLWcIFeqW7NdSeRnL2BqkZgzAOtxAWAcFRtECqW/A309etJP0ZacLZa6GsDA+d9EndSt2a4k8rMXMLVIzBmA9bgAMI6KDSKF0t+Bvh496adoS84WS10N4L/R+d9xW1W2n9eXWPipQPy8vnPGRqvkYhAbQRtPktjIf2E2eXLzhVItQaOmYqAUuNLbRZwWgaACFFsxR93a0evSJjIkRUB95x3e/f+enXXzFc3X78ZRuFRYPelxhoInWY0KSTolls//iHPGRqvkYhAbQRtPkn43OtCoXgZKgSu9XcRpEQgqQLEVc9StHb0ubSJDUgSukWkchUuF1ZMeZyh4ktWokKRT4n+P81+30jqwns2bN+9DH/qQvnGAVXlcCuz+1FRsNfKv//qvMPPfkdB58803Q+FuRuVeEA2FDa9RjX4pXdczOe0kbsKkB9h03GrL4Ike/+EZHylKj/3fD7zyeMcXPeTmmTh+GBrnPlT9612UCEtJUP23Szfi4fSfjkVyM0hnYEdLrl3rGWL1fuHktSHuv2fv98mS5CQQiVKNEasz5iktoiFJLEGRyCCXCqvEqsPNZmnfayl09eMQQk7b4tqTHuBSS9LZZh7EpMlTsGrHSFe9PEmu3eJmcGcmSE4CkSjVGLE64//V5z9/eHsXQMV6Zr/VBqif+1O/a63e7/ZmAOL3XaFqDZZx48YtWLDg9ddfX7X+jtFtt90Wvc8+++ywYdVX6xL1MtCNrCYN085oveE10QyF9cweJR6RRD3XpfXsFz/elIpdzyLoJYjtesYSAyKbjbme4RC//9V0/nf7NVvIw8BR1lV1NqvjMbLrGUWMXM/222MMxSRw0twSmtXSvtc1glwscpPndIJq2UByHukMyue/pVwl1pPz99VD2nSJggElwlijDUhlMiXGUoB9fgO2ZCnrqjqb1Xkga8h1RWDo6rHQrJb2va4R5GKRmzynE1TLBpLzSGfQ6vynCaPtceuZbdb3N8YZk+uZxsj5558P/8UXX4yDYuFB/LGPfYylwYMHn3baaXPmzMGC98ADD9j9ef/85z/DyU01T66/X+drX/saqzTYL9CijrHQxfXswAMPvP/+++fPn3/55Zfry4Ti1tVQWCLan7rJa3jEyJqrL4vn9NefmolxwrhquzW7ng0Z8o5Tjp74yN3bzH9ih3+/deuD962+2gdTvXe9kfC7/37ynX9kl7AHZcz17LCDVqMIoJPBgxe3x/rofpWHpQd/+z50Tduk+ubGE49aC/EFZ7+n7l4MSxTSM46b9Mdfb/3iI9v/68UbLrN08wWD+HFQxc9yy5Wbf/KQNWDTegZgaLmeNZEhKZJciTpGC0sRluTh+c9YuJQkRQc9BacMhKLFiuUYYxSTgYUiRgV6KhAu7UrOr0MwBS62KUmKSawt11JPVtHkPVBJliyo8vQgMscA5OICSVuhN1eijtHCUoQlef7bn/98grZfEQs1eX1WuTv3p6bCESS/j1hVZ0aw0korzZs3D8c69thj0fjggw/yxqDELT1xG66++mqsMYi1mSdXpi233BKxXZmEW89IoYvrGY5y66234vYgxhKL2wCSW1dDZyMo7+cppZpr8cV5fXbD5Zv99cHtzjltMhSuZwjg+fxJ1TP+sw/MuOoHG7/02PaI9929+sr/Massde5Z6373gqlQsPwgxn+z926+RN8ChSLHuJ4RVJPHYrXrevbM/TNOP3YSbjniIz6yOnRMeMd105A+9e/b3vXL6S/P2QGxXc9Am/UMVD9ADWOJDEShBJKihYY4kmQ7ROmK7UjqSke7UgYudciTrBJ5mLaknrKiyVOwqpFIIRKFUqcDWypXGUT6VIJCMZYs0VO1FVtE0uZEpi0ndKCLMJbIQBRKIClaaIgjSbZDlK7YjqSudLQrZeBShzzJKpGHqce+4hBxPSvsT904zH6ehVtDZDjxxBPRQnCVQ33EiBELFix48803J06s9ujafffdUeVuxSB5pWWPqPXMilrPICbXM250u9VWWyHGRSFW1jFjxrxltq4ePnz4K51bVwO7ngF7RCIFAdezn//Lxl88dfJ//Gm7pZYcpPVsxHJDXn1ihwVPz5w0vtq4YNdZq8D50J3vZy9Ya83q2k7vNybBPKBJetYz+9+XTq92mRk5YiiPNXHN6q1dd6yu69mRh43DUY7++JqIL/rKetAnTxyO+LUnZ44dtTRKPK7WM96ks06YBHGf3ar1rLqVPdSWChsDpU4nVWdGb6J2FPyxRAUjoWiRmKxanKHcmPwNdSQbrcgYo4Ja7gO2JdcedSnJForWo7gflNtVKnjK2BkIU0sUrcK46uyBOrAxUOp0UnVm9CZqR8EfS1QwEooWicmqxRnKjX07/9usZ3C32Z9a12ecXaOCeDGLteHpp59G12233dZIiy228cYbQ8HlGmKYl1hiCawrUPintdx6xmkxcv+X5PUZumBIrmfcqAJg0UK62mqrcavPiN0LDfC4wqUEPzh0vt+I9Wz8Gsu+8cys/fcco/cbN3rv8ijdd9vW9C8x9B0wQBm27GBO6NYzexTEShmT+PczLEXwlI/F9Wz6ptVX+CfXsw99sNo886P7rYr4hxdVHxfa4QPvQowrs9q12Oy9q5Jbzz516DiI227tNxhLwhZH+bRGC7vsyEAKAxGVHHQSKRodtau3atN4/osoqotpGdjkV1BXPDJYnGJTxlVPfsImqknaeP6zlDREZEv6rYhYKWNCpU+okQFhKaKS8+TSwlSOpHPg/C8AW+N0dxMLXM/o4EgQt9nP07UosLqIbw9qPaMf61m1jNTbRkCxK9Opp56KWCtTdYB66yyIufUMse2Cn+uZ9vB8+eWXkWo909bVZ5xxBgNct7HRjgySqKT1DPF1P9rkt9dOi+sZp1pyiUFI8d+yyzS7UuWuzzS5AmHfb6xnrUC88QYr8Fi1q1rPeKxhy1Zv9trrs5M/m1jPZs1Ir2e3X7MFD7Hv7mOQaj0ju9VXgVPWqd6mBnQyJi5tycJ3xZtBGGskNgZKbUCYAsVOt+RKUbRKskqavBOnM21pBoV2jAySqMQg51SVUOyKnOWWesoKxhQdfdUj1QFqmjxPtLXpiix8V7wZhLFGYmOg1AaEKVDsdEuuFEWrZKtx2UyuZwzs388kkuTfzyK2BcS3B0eOHGnfb9xtt91gePjhh2nA/Ei56xV7tTKRuJ5BLHRxPTvppJOQbrbZZoj5fiO3up5fb11dzVLDZa8+ToXbnxoKA8JUot5vRLzT9tWHAF9/aibXM73fmHwPEKw6emko8x7dnpO5AxEnxr+fwQByx2I7LuOQztz2XYj5R7uu6xnfb3z+Lx9ceqnqr7DnfW5dpFzPOCcYNGhxrM26gdKTgWJhRQZKiUuB9ceqhdXocboNoiii4nAGphilKyAqOd1BG1DKANjYUXdUNHk36GQLoCicwjTaSE4voJZkb9cJYSh4VGrjiSRLOX88lg0UCysyUEpcCqw/Vi2sRo/TbRBFERWHMzDFKF0BUcnpDtmaLdAIpfj3M5G8PiN2PXMl4BRdF9rlBx5y9tlnQ8Rt+PnPf+4+D3LxxRcjvfvuu8855xzu7anrMxLXM1Do4no2b96866+//vnnn0d8ySWX4DaglNu6mlXg/n5Wxq5nQ4a8Y8491UcquJ4BfUbjyss2cp/RAPC/8PAHIWKV+tLp6xy4V+/u9YSpJa5nIncszPOtL6+H9HfXTz/7lMm4bYi7rmcAfqQ3/myzL5+xDhZLxO767IzjJmG2vXdtjqLRBn2i0GXnjyNBrNTpGrtSsMWSU5JvH8FDmryGqRO7Ev1WKcxWPlzhLaOW2PkXZh6CGUiTd5LTAUvOoDTZGMWkrSvsKh+rK4UuO38cCWKlTtfYlYItlpzyn3X+u3nZhvWM+1Mvs8wy1ImdVDGD4cOHjx8/Hk/uuj5rcwvgSS4/uDw67bTTHn/8cVyoPfjgg4cccghETjh27Nhf//rXr7766u23385VCisTS/xZNCHFQhd0wPXsgAMOuO+++7DUXXXVVSuuuCJL5a2rMXPX/amtbtczcNJnqnfz8CxPD1asU4+Z9Ojd22A9uO+2rbFg0KYZ9txp1AO/ed9rT1Yf93ef13dHJ4X1jJ/Xj8cCY0ctjaXo5Tk73PrzLbi2dV3PcPRJE4b95tpp85/YAZd3/Lncepb8fGPyZgtWrSfnd86kDSJ1BUlsKTpd1QbOCaISyXmsjpipRJcCxvpdtgbZ7G967LVEJYmd37UobTOVZsAtxKi0LnbMYGNLTm9Jy/Zoo2L1wlS59hztJ3fOpA0idQVJbCk6XdUGzgmiEsl5rI6YqUSXAsbVGY7InugACtYzPE0D+31Xtj/SdX9qi51TUHFYnTbQ5J0UdFtyNldNQoNsdUdpwiYKpTLlxlgt+0F5kki5SloeyEGDtSm2gWILRVYBRWGVWO1KssXNqdTqLcm12DkFFYfVaQNN3klBtyVnc9UkNMhWd5QmbKJQKlNujNWyH5QniZSrpOWBHDRYm2IbKLZQZBVQFFaJ1a4kW9ycSq3eklyLnVNQcVidNtDknfTqiAYNGmR9dn9qpCxZg43JhhtuyBa7P7UltgjND+Li2kR9hxM2SR7rSfoplqdCNWewei62RF0Kg1yjpeCxkxQmlBgDgNimIikmaemUrTpe5w1ootRUUXFUc3XOYFMHS9YQzdHj6FrCCAbO/6hLYZBrtBQ8dpLChBJjABDbVCTFJC2dslXH67wBTZSaKiqOaq7OGWzqYMkaojl6HF1LGMHbc/679WyR0NcbYP2ulylGqyu2osWZlbpAaVeqKUKvFGFFG5NyWkDO3AxtZs6Zia1ag40d0ak0BsSlOOOTzhi7xgJwtjf/J9HXG2D9rpcpRqsrtqLFmZW6QGlXqilCrxRhRRuTclpAztwMbWbOmYmtWoONHdGpNAbEpQPnP7H+3pjfDGI/EpJDPV0P7AwFv1uNCfyFlliSkpxNJOesjlTT5DVKVZJCyimISgFrTs6cMzgziEr/cPPkpo03pqw4otmRmwFKFInTczZBQ/nMIZqq5Zyi4B84/4E1J2fOGZwZRKV/uHly08YbU1Yc0ezIzQAlisTpOZug4X/O+c/1jCMLULtOVzAAVJ2hT6ngT6sqgpzTkvTE3qTNUn6MVdU8DOK0UKKYo+Asz2NL0anU6W2oJ6tgTJG4FNTGXjEXt6Gr302e8+ssokE2m9px4PwnA+c/qSerYEyRuBTUxl4xF7ehq99NnvP/7zr/sZLFE9e1xVnqmSsYa4wpsDGJikCJVetxii21p9wVD2cDwLg8icg1xvaWE5ZpOUnBlrx5MXWKaFOyBhtHYlVKnMSZo4E4m4AeS05JGghjjTEFNiZRESixaj1OsaX2lLvi4WwAGJcnEbnG2N5ywjItJynYkjcvpk4RbUrWYONIrEqJkzhzNBBnE9BjySlJA2GsMabAxiQqAiVWrccptpRAC3K5wYrWSZQycCQNjDHGQKNgqqW3svYYFCuISLeG2p72O2jTyKBMSxuhGcSUo7Cpi21KpMRSjlxLMsXodIs8TC0Scx4oUYzIQz+hQpjasYAMSacVrZMoZeBIGhhjjIFGwXTg/Lepi21KpMRSjlxLMsXodIs8TC0Scx4oUYzIQz+hQpjasYAMSacVrZMoZeBIGhhjjIFGwbTr+V/9Sy8mAmny8/pEnU63n9d3JZITo2535nz00UcbtQf62QgoWpzINOm05AzQY4mK02tjQidW5KMiJdcFRSUGBZIGiTYgTB05vYCdjYHb/4zoRBSuiyRFB0sFgyVOaBsR25SUDUyjbkmWcmJ7M2Gp7qugaHEi06TTkjNAjyUqTq+NCZ1Y8X/2+c9AMRk4/3NiezNhqe6roNgBVP79TGA9mzdv3o477pj88H2cBYrdn7o6Tk1TTjFq1CiuWGDBggVPPPHEd77znZVXrv6t7tSpU7/85S//8Ic/RAnrmZsnN6306sB1rMBiFRpEo/ZglVjtB/z31PiP+1MDfX9jV9x+ng538/jLw39Pbf/TsZI/DkTpjAFT4RSX8rjJ9aywX0ycU4orOZLVuruiyXsoK7FKknpyKooMBKs5aLAjcY3lVEhHwFiBxSo0iEbtwSqx+nemfANc1a2XALFLm8hgPYwBU+EUl8bjWqrpUiUnWpsrOZLVuruiyXsoK7FKknpyKooMBKs5aLAjcY3lVDQ6/hf/hJb7viuY7f7UnEIH0H4xTC3yKOB6hpXs0ksvxVUg1i2k1157LauAX6UY1zPixDg/g2hzP2kb4uQO6LmSRetZcn9qzuDmUarvI66O1OlUQJRyPbPfr8+vDGYVuEaQnDPaiDMr7ff+1ABmzeNIPnA5M1E1abPVpCHibEwlFibJecopgBJF4ESlLoi2RXj+k8IkGkU0Q6GokgLiUmCVXEyklG3EmVvaysCTsw2c/xYneo/L43omg/3+RgsMue9vVIxAMdezF154gTpXr7/85S+sAq1niNUFBg8efPrpp7utq8k73/nOK6+88tVXX73vvvuOOuootP/5z39maaWVVkqWMPOQsAn10KFD2QX4bViHHHLIXXfdhSPOnTt3gw2aLy1Er9ufmrfT3loBkeuZ9qeGYtczt2f0wfuuynmmThkBv/vvJ9/5x+RRgHSuZ4fPrrbcBNIRJPfCJn3an9p8/f8wVPGzuP2pdVCtZ1AoqqQA2Bgk06TfOQV0PhFEJwLFjqjnnEIGBtZvS1YHTCW6qkh2RaLetdEqiqPNUrBRSbbHLgSKRcsqiFXidKU2UNwV64yxFDdhTgdQKKqkANgYJNOk3zkF9P9d53+ypvUsVnPrGbD7xSSntS8xdH12ySWXfO9738NKhth+T6NdzwRK+qriuHX1j370I6TPPffczTff/MYbbyDGolXflsWTJXblNqEGqHI9Q8tNN9104YUX3n777dPrTWeI/f5G+gFjwFRwPdP+1FDsetan/ak/sk/vCpTDfn+juzFv7/7UILk/dX0fNMd112fu9jC1YwS6SgqSv6tKgY1htmkbor88A6qikQz2/C+g3jhJPXGvmDRoZECYtqdll2wKFAOmZZI2iblJ2kxuPW38CwPmjw8uxNxxnc7UjhHoKikYOP+byOEK8fqszf7Uyf3PiBQF9u9n4K233sL6NHly9SwPYEuuZ9q6ml/Epa1kEOPiDDrm4S4z3/zmN1HiooWLs1xp7Nix3ISam4Vi1CbUSHEzuJ6dc845SIm9est9HzGA4kR9H7Hbnxql8h4uIO5/5iZ3oBr/fsb9qct707TZnxpx+/2pCfen5vfrg8KNR6lQtUSb7WVglfbkuiQySHpA1F1jjmjL+aMOhTR5O+RPNnadrdAOJYoFkmYrOkN58thYaEfs0iaqcalI2vpkToJSoWqJNtvLwCrtyXVJZJD0gKi7xhzRlvNHHUraDDWuZ/3Yn1ootfro0aNh5vuNSyyxxM4774x15amnnlpqqeYvc5tvvjkMbj3bZJNNIHLramC3rmbpT3/6E3S0z5o1CykXLVfiRp28dOu6CTXXs4022ghmwBlYkuJiwNgqQPt5Thg3rLw/9ZJLDOKe0cOHVXtsgtx+nqA+cu/NYADi38+67k+NtOt69qEProyj2O/Xd/tTH/ThsUjdehb3p07eZmFFxIQxxQLyxKANMLf052xOV2r1XEygRBFQB02e6gXOA5RaPRkjsDpgKp2jVVwMGFsFKI0BKRucWUBXKelJijnqybr4W3qaqCb6pSSnsiJiwphiAXli0AaYW/pzNqcrtXouJlCiCKiDJk/1Vkhl0Ke/n+kq0n4eJH0Yg/37GZkzZw6UTTdtPiuBAKn7PIi2rmZqt67eYostEDzwwAPQ0bL99tsj5XpmS8CW3CbUYsyY6i89MHA90/IGyj8aq/JYs67PELv9qXN7Rnfdn7qA3m90N9geCyV3rDb7U6NL6xlitz/1PruNRgoz398A6HX7UwOVItKdoe6oaPKASgxc2oac0+k21fkPkTCm2FdiY9ep+tFShu2axM1Wnrzca7HOgq3f5G6DTXV0K3bFmhlrZEDs+R8pl1xA6o6KJg+oxMClbcg5nW7T/1rnP+90xgrsegaROketZ0wJ43h9hoAoZQDceoYLrJdffhmKPm2x7rrrIoWIRYsKyG1djXiVVVZBjFu++urVH3XOP/98pFy0eCyUVlut+mOSLcGMeP78+VrAADehJlrP7I1X7PanFtZMoNj1rLw/9W47jkKV7wFyquT+1BgVVGoNRZBczxCX32/EZRzSfu9Pjfm1PzVineuDB7+D+1PbG+OQWcAsPwOlpK43NFKGnMHqSU81da3b0QbAxsB6iFIGSeKPz99N2xVncAagNAYR6ynYgK2WnSAaci1JnXcFS0mDSgpquYIiaPJQdUGScjXipsVI9JgidkFk4Pxvoh76d/4naHl9xrkAS4XPg7gU6PMgl1566f/5P/8HaxJSXKLx/UYwdOjQv/3tbxBvuukmrBnHHHMMRMxT2Lr6yiuvRPr444+jhDUPMRetcqmwCTWI12cAOgP+/eyiiy6imaJwit5vRDx48OJ2f2o4+7c/teCxdEQEWs+oWPq6PzV0kFzPWOrT/tQFOJsNGGsUdb1DcfCXoUl6sEq53VWTjQgIUxHF6BEq1U1ZG3GG6KfSdR4gj22xjYiZJp9nm6gmPu8QpxQMDOyYpGtJhq5TERish7FEjlaJqJQzENnKyKaAsUZR10sT/u88/xtsATHWs7lz544YMSK5P3WcBQousLruTw1FIv9+RrDAYNnAkvOe91SXAvJsvfXWf/jDH15//XV49G7h4MGD7dbVhx56KHV0rbzyyldfffVrr72G1REe25Us8UCFTahhsOsZ/bp5CPR5EOnOAxTb6zOg/amZFvaMJnvtPDq3P7Wwx43XZwoKx1p19DJYivq0PzXI7U+tI9rP61MpAxudyUCjDdrgupK9VnSGXJeUQi+AIpGBHQFXDqXEpRaUVI22pEKRAZDOwGE9gLEUpQrcSHIxcUo0iEJJJOeX6KpMoyjFlfpBnKHlnNWNqJ3JQKMN2uC6kr1WdIZcl5RCL4AikYEdwdtw/uubQVQAWM/wNA3+5V/+pZFqrMfR9fuugD229VidQZJYdcryyy8v5YgjjsCNufHGG5mOHDkyWYIo3cYgeeeCqDjqaSpPVydxtthVnkdVBjZNxg6nRxuVqr/GiUxJXe8wCFuKxFLSXJiBWANjjApquRenW0NSBC7NkbPZaa3H6gySxKpTknOWgU1OG4OB859QqfprnMiU1PUOg7ClSCwlzYUZiDUwxqiglntxujUkReDSHDmbndZ6rM4gSaw6pUpxuYMLFJ67wu1PLdhvR7HBBhvAv+WWW+a+Ikt+28i4LnYExMbEVXWzqR955JGPPvro5Zdf/m//9m+8qjvssMNoSJbQxUbiUhFFKe5+i9BpZ3AxUcqgKzhuNEvRM5EUBcDqFonJKnGlwjy2VI6tQqJiifd5bk7dD1UhA6qkyYvQZkdHNVE33RoY18WOgNiYuKruCup2TIKSrZZTEUUp8bFw0GlncDFRyqArOG40S9HjLkUBsLpFYrJKXKkwjy2VY6uQqFjifZ6bU/dDVciAKmnyIrTZ0VFN1E23BsZ1sSMgNiauqruCem813keROHvEeZRGnYpGUhcrGMeR2JhQmTlzJi4TX3755QULFjz00EPHHHOMnIUSQBwfe8SkyTvJ6V1Ro5uhMGEs6dayZA02tuQ8iJVaXSSrVU+dWhHYNGmIxBaBNFYlcrSo1FfadPXDozTqVDSSuljBOI7ExqSrohSBKwEoA+c/YwaWZLXqqVMrApsmDZHYIpDGqkSOFpX6SpuufniURp2KRlIXKxjHkdiY9CptVrKuuAPE4yVxNzF2RaU96q0nrmDqsDpi3Bu1t8PMNOpJ5CmY65kaGsnMzwBQT8KqHfuBfQqLk5SnVZezKbW680Ryk5DYDoUwpkikt6FP5gJukpZzWlt1O0JXVNqj3nriCqYOqyMeOP9FeVp1OZtSqztPJDcJie1QCGOKRHob+mQu4CZpOae1VbcjdEWlP7ipbWp1hysxjf6kUl5T2WJPPmHTODORjqCrh9g02SIRAWHqoG6rOeffB3d7EDglUi6xqlHYaoxdQGxa8DiFRFsTGayYNAhUnVmp1R2uxDT6k8rA+f/3wd0eBE6JlEusahS2GmMXEJsWPE4h0dZEBismDQJVZ1ZqdYcrMY3+pPJ2nv/wASZ2JDmdRAVApK6qAksUq7aU0yJDVyfgXWCx7W4Gm7pSRIbCJEloiO02UOxwuk3rpoomNyRFR67XkfO0bCdyxoAUpmp/FIc9lp0kphqJVaxOogIgUldVgSWKVVvKaZGhqxMMnP8gKTpyvY6cp2U7kTMGpDBV+6M47LHsJDHVSKxidRIVAJG6qgosUazaUk6LDFknCoMHD44+LXIgNkelJeWpGEdFxPYccNIcW5webW1igNQpIIpKFfCJxumuiyRLSK1uR4sUGaQUcDbGViFSKncPVIBSKwKJThdWz8XApbo/nW5hKWmwouKB85/kYoDUKSCKShUMnP9OF1bPxcClA+d/L+7cIrnP6xOY47z28/qNVOOcTK1YzRVma4nrzc0TN7zOOcvUR6sa3YTtZ5OTQa6xTVWBteVaciT9Uex6iL4e19J1QruhGnSVYuCovQlPLrZUnX0vRZyTqRWruVrP5nC95XnaO3NUB0s1tp9NTga5xjZVBdaWa8mR9Eex6yH6elxL1wldrDQGjtqb8ORiS9XZ91LEOZlasZqr9WwO19sbd92f2rYRKtK33npr7U9tdQd0ljhOmTLlZz/72dy5c+fPn/+73/1ut912q129yMxASOfIgMTYbXjNErFm4NIHHnigXrOaHbS///3vr7pq9U+PCxOS8u0h7likLLoq/4E2/sMzPkv6QsgctGHs9xdC2v/Kx8rhfgoQFUtfN7wuwFdvkfINALnbLN0ZchNCZ8kZXCpkdgbpHBmQXJzEGaIfCsV411Hn6LBim1iUxUK17BHWjJFBS6zfxn0lNnadqj5aPw9n+Z9//uMnHDy4+iJaW3Pfd6USzHZ/aguq+r6rRkrBqch66633yiuvoAWHe/zxx998881rrrkGOjyyKdbIwMZShJTa0sR2w2uJCoRVuJ7dddddN9544wsvvID43nvvlSG5ow2IkyNQ3AaabUsy1nrGDa+h2/UMqZxCysTxw9Co9SxpJtQxcj2zX9ivDa/LvSJpy/UClnaZWX3DZO4LR5gSVeOcuaNAZ0kjA4tKuacDELuSOJubUAeSTbFGBjaWIqTUlo4qFaCUgbBKrLYhTo5AcRtoti252OJ0pNEpxZVqb2naWLV6uVckbbleECcvmIGq0ZZrhM6SRgYWlf57nP9czwTKbj2z8Psbx2++nJ/FfH9jk/cQneTaa6+F/9Zbb11hhRWQLrfccnvttRdL/FKr5CbUQ4YMiSUeIrkJte6yuJ5xjPtTQ6k7mvVs2223RTx27FjEYLXVmm+Qyq1nOCj06fW2nyeffDLir33taywtu+yyF1xwAS71cOOfeeaZq666ivuuAc552GGH2Q2vc9DML4Tkhtdr1V8uzPWM1bjhNRtzG16jSthuA4CY65k2vCa8e5PHIskNaDgzv0DLbni9zNLVNxqjNGHcsqjiZ7EbXtvbU94gtACczpxMnShUzRkiOSf1QjVZsqLiGAid/yixaoO6kugStddXqSRLICkSV7IpY4xWzHo052MAAIEeSURBVBHNUjQmSZacqNTqSREUnuKTsN1NAqDEkkQSYym2VAZOZ06mThSq5gyRnJN6oZosWVFxwmml5HpGQ2E9s/vFlEHvEksssWDBAvi32mqrRjUUNqHu6/7ULIHk9RnQ/tQXX3wxRsTnnnsuS1rP4F911VURA77lCOx6ZicsrGdf+tKXkP7mN7859dRTL7roIixpeBHAEolfCFmA12fa8Bp+XZ8hzm1C3XXDa3tcG9svOHa3rc2G12hJrmftN7yGruMW3m90tw1EJeI85UkQJw2kyfNYT9JfT1PpuapGR9WW0i3Oo9SKolCyREOyUaLTLSoVPEmsn3F5KuuxhkKs1OqWnA7q7i7tImewehsP6Xo44DzlSRAnDaTJ81hP0l9PU+m5qkYPX19wlC+uZ232p26znulGaHlYccUVx48ff00PI0eO1CbUblMY9Ob2i0HJbkKN1G5CTZLLz5gxY7g/Na6ckLr9qbme3X333bfccsuLL76I+N5778V9xfY4IUetZ0jdeoY1GOlnPvMZ/sFy6NCh7sOluS84FjbVFxwXNryeNL7aCcFuCsMZ+rThNUog/v2s/YbX0zddETO03PB6nUnLIeaG10h5XK1nAEFhw2t5kiRLFO2YpFACqJYNIGmg2KY36Yx6DBw5HSQvOKwfcWynYkcbWJwHWH/UrQLKqSXZDnIt5alIk7eYVikDjFKEU+RxusV5ONoAVI7iDE1koGjHJIUSQLVsAEkDxTa9SWeHjtPXPqUSrmcSEfRpf+omr0GvnUfjaqutBjPAevbe976XMcAkdtNOmOMm1NrPc8kll8ztT61NqJliTL49WN6fmusZwNXek08+edlll+niDMQJeaDCesaPzADcvT/5yU9mzJhBHbA3iUrOo/Vs/BrL2g2vYStvQg3c388c9ogi/v0MSxH03ObaOBaqbTa8Rmy/sH/mtisj7uuG16S+pR33klIbJGOH9dgg5yeuilQKA5dauirJNNclPQZJUCVNHiiUiDMojY1tFFGYxwEDafI8jS/jlE4PoeKIulXqvnRjAbaUG3PV6nidJaU2SMYO67FBzk9cFakUBi61dFWSaeyqPt9oVXt9ZnXEbn9qO2O8PrNVh95v3HLLLanceOONSDGJ24QaixZSgEuouNSpVNiEmmjD6yavye1PPXZstcGY/fuZhT+R3UGbCtF6hvjUU09FjPVMBvwI55577j333AMd7LTTTra3gGzVwepY6xlSt+G11hg6scYgxX/chBqiXc+q6VK3QSINer9ROnHH0obXw5YdAiW34TVKXM/iBjRcz26/ZgvatOE1U452w2uk0jHmKFTrCdJVq0cPFTtacnqB3CQR6V0Nlpbz5+YkrorUKi4lUSF6t6MrslWzd7a41MJS3dHrYQpsytgSDXaMWL1qMDSq8TCwJRDFpN8aANKk7ihU6wnSVatHDxU7WnJ6gdwkEeneoHcYVIjrGUbi1jOLvT6DkyIDpRa++fbrX/96ueWqv8bddNNNSDFJ7v1GxIVSYRNqHt1teA0R8DKR+1NDJNyfGtXcekY04dChQxupBvcA9FmzZiG+9NJLEWs94ydf6iMvfuSRR7JU9fQQN7xmYxK7npU3vNZ7gJwN42pjql5teE2Ro4JabkBq/34moBfeb0QVl3FI44bXKCXXM+h2w2uUtOE1YoEXYFib8WTIFF02wKiglhPEUtKseSwsReKvEoNCS85QaEnS9RBCR7QBqIu9RCXS1SODdSImTV6kja2vs8nPkUhRUMsNLhXSk36MTgcqMRU5vYDMLsCooJYTxFLSrHksLEX+C53/yhG49xsthfVM12dsTLZbccqUKfxAx+uvvz5nzhwE4J3vrN5BSm5Czd7+7U8Nchte5/anBnY9s7eccXJCcPHFF0O8++67zznnnNdeew2x1rPvfe97d9xxB67PcAnIz5588pOfZBcN9u9nEu2hBUStZ0gHd254DZKbUGuquOE1SqomSa5npLC5dnLDa5a0nuG4h+y/GmKsZ/yV6NOG17rZ5dvvcGY7CWMpLWEjYUrdkhSFqtEGJYoR5+naQoMdHRJtNekUrso0iqTJM3NSLJQiOZ2Uj5Ks9gnOoKd1oZntIaxIENteKklsSXHBH3FmOwljKS1hI2FK3ZIUharRBiWKaeK9j/WM+1MvvXT1B3kL5wVN3oPdn5pVOxLFCMj6669/1VVXvfjii3jexxP9jjvuSAM/r69NqA855BB1JUsEC2rchJol9sYNryFiWUruT41S8vqsnqnBTQgFhrFjx+Ki89VXX7399tu5tuki7IADDsCKhfuWSzgWPP3bAOLWM8A5iWIGdj2D0nXDa3ZhJHvuNKrrhtcWu56hnSLB6njqMZOSG16PHbU0liJueH3RV9bHDG4923G7dyPWesZSbsNrgqPnPt/obpiofuB8qYlawHlAk6dg1Y5EMQJiRWDjSN3RYSj4o1MKAzuKWHIGAEUoVYlBe7q2WEPhQFQwxpKwHkCxPbbFtdfzVTR5BhqsrW5qRAaRqFNJ+guTFEpN1ALOA5o8Bat2JIoRECsCG0fqjg5Dws/nUxUYYD3Dsyoo7E/t4tz3XTngZCNHYpWqbEqCOpZeVRWI5CbUVVtoUQBycZnknIpBTo+0MXB0rzxsV5zBKUlD0mNHS1Qsuap0Zyj4Y4lKLLlU0EmUsgRsanVgU1cCuWp05oCTZttilaqcmo16+fy3WJuNXQBycZnknIpBTo+0MXAcOP9dyaWCTqKUJWBTqwObuhLIVaMzB5w02xarVOXUbNS7n/+4OsGSVpt7y3F/albt6OD+1CC5PzVwXXESqySrUXQU9qcG5XZW7WgD4NqRSomBo6vOwNoQi0bKzFMWXbtNgUsF9Vhto5Cc7nA2pFJcoLQrLZ2aVkEtp7GesjOH64qTWCVZjWIZ5y+3s2pHGwDXjlRKDBxddQbWhlg0UmaesujabQpcKqjHahuF5HSHsyGV4gKlXWnp1LQKajmN9ZSdOVxXnMQqyWoUE2AxGzx4MP85VLmBM4Imr1FqdefJUc2Vd9qqjQt03YRaNFK4qS61sBQNUpIlKyJOvr6wnkiu2qd2O9rAYsVo4C2XbmNRVuqOLgYFxIqWpJhD5txUhDHFJLSBJq9RanXnyVHNlXfaqo3L0EkaqYdGrWmkWmyiGpdaWIoGKcmSFREPnP9N0oMzKCBWtCTFHDLnpiKMKSahDTR5jVKrO0+Oaq6801ZtvLDEiaS0PEbSBrFP7TK7FJRjp0TRktMLaMJyr6oMnLllbwS/ZhjdnAV/LLmuZG9hQgts1skUNHknOd1RsNVzd1TLKUmKBaJfSsupcjejT+0yuxSUY6dE0ZLTC2jCcq+qDJy5ZW9k4PxvkppySpJigeiX0nKq3M3oU7vMLgWJeSBJdWWXgtpbms5VmdrREcWCkitZPcaxy+L8bcxJTywl46TNpsClwHpclamtKib8tReuKqRbgzPHlIoCYmPiDCIpgpwfULcv9i0Sq/5OQ1SEdGeI/moKIyYNTWTMdnREsaDkSlaPceyyOH8bc9ITS8k4abMpcCmwHldlaquKycD5T6IipDtD9FdTGDFpaCJjtqMjigUlV+rVB3d+HzGIPX3FH6OTfsxfaInHSpoX5qCxF0oUAUVbkqKglnthiVCxrzpdQJQyEFGJ1BNUKE2OOcrVMvZpRfMg6Pechcb2c0Znv2+P4Ay5efoxf6ElHitpXpiDxl4oUQQUbUmKglruhSVCZeD8b0mhsf2c0dnv2yM4Q26efsxfaEkfS3ksI7apcJ4m6qFuaqZi4GLAmKMe7NrSq1uiApJmpQgUr7HGGrNnz54xY4atMiAutbQpIUjaCrrGJHVf1mPF2liaRyPJKTYAiF2qMeKcSq0uKLpSdEab4nKgmDCNupDOwNqqnlSX8zRRD3VTMxUDFwPGHP8O57+wVQYkOkWbEoKkraBrTFL3ZT1WrI2leTSSnGIDgNilGiPOqdTqgqIrRWe0KS4HignTqAvpDKyt6kl1OU8T9VA3NVMxcDFgzPHtOf8HDRpkJ2KQ/Lx+ci4AHcTP68uvwBJFKk5P9hKUdtllFxzx17/+tbUxVkkKRu4r/ctf/rLydWJnsEBXyb68ArkWUCgBWy043eEAzV0nLxhY6mpIYnvdHpvqQkCYLiSap/2E1lndjjq1o8OK0VCuEujJksRyVVBxerKX2FI5tmOOXBW6SgPnv0YbACsSpguJ5mk/oXVWt6NO7eiwYjSUqwR6siSxXBVUnJ7sJbbUYdPnGwXWs9z+1LlZttpqK7c/taoMbAqGDRsGM1mwYMFf/vKXL37xi+6Lowj9TdKJXbQs8CdLWs84oaZda621oL/wwgvxQG0UIJF7kuE/PONT0XcqRtxU+s576cljWfhvnO1/Olah182PUYqIikXrmXox9mPPaPYyEFIYAKtHWHKGKErJBQVksM5cDJBKYWBTwrQrfTIT+gtd0ZBraaMAiclAsaOrnjNEorPQ6+bHKEVEJYIVV71t/BF11dM0SGEArB5hyRmiKCUXFJDBOnMxQCqFgU0J0670ydxgGxDz+66U2sDuT+1K+v5GpCoJp2g9w+qCVYfblZ1xxhlNufazJTeCXXfdFV0tr89ETLWeNVINdOdMvj51Ir+zA//l9oyOgeLkHi7ExUwxcj2z33nPr/El8tuRgY0ZOKjXxgqKgLFdzyRqPasajC6UWt15LM5vR+E8EWvIeSzOozT2xhIDjFKEU+gBTR5QNTfaVAqwMXFKORXQXanN+Q9sF2MpyUBxhFXgYqYMHFav7U2vRgY2ZuCgXhsrKAIbA6Z2ZOAUotTqzmNxfjsK54lYQ85jcR6lsTeWGGCUIpxCD2jygKq50aZSGpQz0Hrmfeb7G1myhrhfTGwXyy67LMxgxIgRSD/xiU8g/u1vf8vqkPye0RMmTMAq9dprr916662f+tSn0KWLsGSJt+Hwww+vDlZj32+0W9WIyy+/vCnXtNkzGkfhgbiecc/oCeOqPdXsepbcxxmNuT2jOadDIoL4nYqqJo9FcntGA34HVXLP6LXWHIYqfha7Z3Q9X0Nfv4MqiTW7xjgPFImuatOcJ1KYxMFSecKuh3NYf9de3YDolKKqlH7Qprc+TqtDyCm/FMYMiEuJNUdDVFqi2RQwdmM/6FOjNbvGOA8Uia5q05wnUpjEwVJ5wq6Hc1h/117dgITTSojt9Zmgx61nFvf9+jTIpoC49ezTn/40Yq1M2jP6oosu4vf2as/ou+66C+mzzz77+9//Hqud7cqVcOhp06adf/751113HUS7no0ZMwY6vwX/9ddfRww+8pGPoKQbHL9TkcAgj+B6pj2jodj1rE97Rs/eu9qzJh7Fpm2+I7iwZzRiuycZZuZ6ZveM/qeD16ibuuwZjbFP65kVnUETMiV8b6dJ+gXa28yQ80hnUJ4KVWdTUMB6cnEB2JLOnE5syTqtnsSaHU5XmvOLaIDixHJqqVsT1YKuUdi0fZel0EWcITnhwPnflcamdwzUxvVMKYI2+1Pb9xuR2nYGhKnWsxtvvBELBo6I66oddqie9+2e0TAP69kzGuk666yDljfeeIP7avIL9blocfcWlMaOrb4q3pYAD2o/D2Jv1cSJE6Hr/UaVGCS/8z4JSvqO4MKe0cl9nEF8vzEHDkTi38/cntFxf2rQdY/Now5fE7HdM5p7uCT3jBbaMxo3rJFqXBqxhuqnSvmdp4lq4lteEbZUU9dQdDhdaSFIwmrOnOyNopsEIFbKQCmoix1VS1lhHNtjAGzsKJRyuJaWM8BGFEtnAKiDJm89OWjvTOLau87mbmTS7zxNVDNw/oO6WO9PrZwBiNdn/dif2k4oJGo9I1iHtOlXYc9olnD5Refs2bORctEqlHhQjLnPNyb/fkbQpXYqwMagtjQerWfcM/qAvcZqPdt4gxVQsvteFvaMrqdsYDUGIP79jEtReX/qfuwZvcMH3oUYV2Y8uvaMrm5fDcTcntFAHktUkshWz9HbYuMc0VPPkWh0YtLTFdvV8igFG6uAYpJyldAjZ7IlNw90lqzBxqC2eA+xuqoxIEhtSUhxAbFp5e6s9oPcDNRdtTpeDWOKEXksBb9FtnqO3hYb54ieeo5EoxOTnq7YrpZHKdhYBRST+Kpb21lu8/czxKoycPtTU7QzIFaq9WzkyJEf/ehHETzzzDMQUcrtGY3rtlmzZqGkP7Ptu+++SLlo5Ur2oPvssw9Eu56xlPx8o41bghatZ0jtntEo5fZx1p7R9vrMHp2xHUXu72f2WMDuGY1qcs9oNnI9455kcT27/ZotaLN7Rou4ZzRgLKXyGZySSxnY1CkOGYhNbRxxpYITqMog2WtFxDYFLs2hxoLflZRWnSbWSGwMCqU25Fqg21LS5sTot2OBOI9VXNXiSjlnYQaAKg0MAGNbsjgllzKwqVMcMhCb2jjiSgUnUJVBsteKiG0KXJpDjQV/U0peqyb/fkbieqax8H6jYoJU69mIESOQ3nDDDYhPOukkVFdffXXE8+fPHz26+XsP2HjjaoXg+43z5s3jxmxf/epXkXI9K5RE7vps1VVXhf7KK6+420nintEW12LXs5Z7RldtNauOXhqK3TNa6CgMlObWs+VHLqFjQXHHwmUc0rhnNNB6htjuSaY9o5dZulp97Z7RujGDBi2O9bInawV6BU5FjBRZtThRTkKR2JRx8iSv+yqavJOcbqHHjUSKRMYklzJwVZITk/rbS/kQyaoTczO0v/FyMig0smQf8WiGEkVi9aQnil1bCsAvBs5/Bq5KcqLXkeunVTl3fYa0sD91/HyjxU6F2K5nUKZNm4YYq9GKK66ItLBn9N13343SzTfffO655y5YsACxFq1C6eyzz8aadM0110CcM2cOYrDeetVfhsCQIUNeeukllK688kroBx10EHVi/37m7hDgfi67nsU9o79w8mSkyX2cQdwzmno8KKCo9QwpFY4gt2c0DH3dM5qlfuwZrRsDEDtRioNirmR1xQzqYgVFUI6tApBGpYlqoqE9tjE5CcV+zw/cDH2aqqU52qySnKSroSvlaREIpzMgZd2JAEpyGQC5Fkv0IHaiFAfFXMnqihnUxQqKoBxbBSCNShPVREN7bGNyEor9nh/09ipigPUsuT91PBgUinF/asLYKsRdn0G5/vrrkf7zP/8z4uSe0bStvfbad9xxx+uvv44DnXLKKWjhm4q5EnTw2muvVQfrZI899mAV7LXXXg899BD/GZz7vH7u841AP5cCu54Bt2d0YR9nzrDXzqPjntEs6RCWeH0G6MSx4v7ULNk9o7m2cT1D1V6f2fcbQXnPaGA/38gDcRT2lRMDERVi9dzLTIws5SZJAnP0U4k6SfqtyLisRJKeKCYnSfaCpBnkdEs/ZitMi4fG2qwzxlYRhVIS68dIFFeOMBvTut6ru9QRS1Zh7DwD53+SpCeKyUm8DXdEvJuwntVP+H5/6ogmKuxPnbwdoKVuU8RMJSoQTqka6pda/DFVVWCJ1ZY2AcVWGUsBNm6D/K4RqVMctso46Xc2lzZRDdOkAYHVQUzLBgerGhnkkI2pkFL1d1ZtiUH/aDNPrtRStyliphIVCKdUDQPnfx0n/c7m0iaqYZo0ILA6iGnZ4GBVI4McsjEVUqr+zqotMegfbebJlVrqNkXMVKKCXnCiy8RA+1Pjiqe2NNAAmtzA/am33HLLfu9PTerpSyWglAFxaZKCh6WkoU8HQpU0eQ3TpCjKKYkilZzZ6oydSFTSaHGKTRETpRojySpSp7TBtjCWkputzVHgcbaYkiYPtC/lnNXsxRJQyoC4NEnBw1LS0KcDoUqavIZpUhTllESRSs5sdcZOJCpptDjFpoiJUo2RZBWpU9pgWxhLyc3W5ijwOFtMSZMH2pdyzmr2YgkoZUB6U75wEyyU2zASippBCnFppJ6jmdApjBkQl4Kck0AkNmXsyJUk2mrtTcypgDB1L4qTJKtWZFyeJIlrUWoDYfUc1hbNUKKYw511jmTVTq64cMTyjclVqefmV5VQHDj/GTMgTAfO/xwD5z+o52gmdApjBsSlIO3ErXF3H8tJt4ttKqLY0hahB2PBrJL15GIQS84AkooTy2lEBga5lLjUEXudksM6gWKnk6hYXLVsLlAd2NwMBhZbJUwdKikgEjXagCTTpNnFNhVRbGmL0IOxYFbJenIxiCVnAEnFieU0IgODXEpc6oi9TslhnUCx00lULK5aNheoDmxuBgOLrRKmDpUUEIkabUCSadLsYpuKKLa0RejBWDCrVAVYyQpW4KpMO6YwlFPg2vtKPxptC+LyDFrXZbP+cm+OQpcrxWPZ0QaWpBiBjTR5mNwhPWco4ya3k6gkUYrGmBZwLQUWZnLiGpNV4VLg2vtKPxptC+LyDAPnv5CeM5Rxk9tJVJIoRWNMC7iWAgszOXGNyapwKXDtfaV7I/c/yx2YuBsRA8DfBOeMFEogtse4PEMO9dp2mzJQClxJtPHY5wUhRYHiJK7KNNkiEYGNNcZURAU4sWVXjly79PL8iJW6WIFiQgU0eY1LSbQRKzKWEgMwcP4zIAPnvyXXLr08P2KlLlagmFABTV7jUhJtxIqMpcQA/Bc6/+HArYk+KFEUhZKwnnqyiiavcWkBOcszMG0/bST2QiFN3kNUIgWPSrmZMRIpjijqeSSHbWk5J4k6FafbVAYFtVwRFUtZx5gzEGuITltKxiIpikJJWE89WUWT17i0gJzlGZi2nzYSe6GQJu8hKpGCR6XczBiJFEcUB85/YA3RaUvJWCRFUSgJ66knq2jyGpcWkLP7DHaLamI/r88GjLFTJYyF/alJbC8AM/25LqdHW3JrNAIlioS6HS1WyVU1MhBWcSXixKRHdK3SwABQBy5WysClIurrbDfyC3Pee9hPJzpnpGD41re+dc011zRJNziPmy1O3l6RjkBxhKWkRyWN4OQBFh18CKqHyjxqgDpwsVIGLhVJHbG9DPjzn/989NFHM7a4qfoN53GzxcnbK9IRKI6wlPSopNHilGgoADP9uS6n96bcV4zrmabAeub2pwa5qQFKbn/qJJoBwfPPP//kk0/aOVdYYQW033LLLU2egn47j00tha2rk36HPNZct3b0RsVSKAnOAJq8E+m54IBL1sS6Yv87889TaQD0YGRQIBpclzNwPfvYT9ZCrNL2x4+G+N5dq6+FJPH1cj1rg1vPoDRRD//xH/9xyCGHMHZVlaTHduFKNmWcGy2DBw9+6KGHjj/++CY32FLzzDrAooAPh9BDGR9NRzS4rmgQLGE9O+aYY6iI8vkPGrXGpY5YpSK90O5KNrWTxNESFWFLbWwMMEppiRqTaS+QrKrvuxKsYrT7Uzvc9xETOy3QPL///e/ffPNNPBFI5KYtl156aeULjUmiBwrR9Zl0BpFcSeeiM9iUcXnyQjUiswuqWXoCjYDr2XF3rPvJaybxvyP+LXHNFBVgX8T0FbueEcwT1zOBKrFp+foMBrueEYgcXYm6QEpsDFRlYEmKAtV99tnnhRdeWG655aKTJX5zW/PMOsCigA9HfICSD+7CnP+R3PUZwVGITRnnSBooxpJTkBIbA1UZWJKiYNWOkTbTJmcoiGUSHj2oqiGw65nVgfv+RooMkvvF1PWOozL90Y9+BPOoUaO+8pWvIDj44IP5FY6nn346qljnTjvttDlz5rz++usPPPCAfSWOEbcNToh33XUXDHPnzuV1pN2f2m0QypZPfvKTOO1guOKKK3A5qBuWm7CwTfYyyyxzwQUXPPHEE/A/88wzV1111bBh1bcM50o6FoKPfexjbsNrVXM4A1OMXM822X+lOMM7Bi/+gSNXOfY36571l6lH3TB5ow+vCA9tn71lHXStsXF1g9//yXcj3ums5rsisUQhnXH0qCNvmHz6A+vv+/U1hi7drOsrrrEkqrj+O+yna23xkeo0sOsZiOuZbpUObWOuZ7isee655/7617+eccYZNGBhwMPhmD17drmEMxkvhq677rrvfve7eECffvrpz3zmM/V8DXr0n3rqqcsuu4y3gSPAQoWzcckll5RCmGJynACnnnqqFIJ40KBBKoHmmXWARQEfAgsfLDyTfPSjH0XMlPr555+P303GuLSCZ8GCBXgo99prL4q1cTE8LeB02mqrre6++278RuP3eoMNqm+AW2KJJb761a/idQyeLk444QS7nsXzsDpwz4SHHnqom3DDDTeEDgNeGP3xj3/EKYrLfXTZFdedvdVEPRRKFt0AgBiXH5dccsmzzz6LJzdcXcycOZMlHNTeGx/+8Iepb7zxxlgXvvOd7/Dn/elPf/r888/jR+a0dnIi3ZVyqdMJxTgyEFQq8NtoJQZczyQKKG5/aowMQPw+YpUsbDn77LNh3mijjX71q18hwFPbzjvvjIB7Q7OK23D11VfPnz8f8f7776926FDeeOONm2666cILL7z99tunT5+OUnJ/ah6OLXgAvvSlL2GBRHzxxRdzQpCbMLlNNifEPEh/85vf4IkMVaxb+PFZ+ud//meWsCSrxAOR3BccK44BcSmw65mqDD54XLVl3cn3TDnou2ue8af1EU/dZQVWu65nJ/3fKTM+uwou+xBvdsBK0NH1T1dVW7meePeUj1896cyHqglhro5aHw6jXc8kYhRWxIh74KWXXsJdus4663ziE5/AfbL55h1f2I/HxV6EWVhy83OfcT5zTZ06FZPvuOOOLL3vfe978803d9lll1VWWWX99dc/8cQTqWsGPBui90Mf+hBTYCffY4895s2bZ18DMcC45557orT88s1GgHxiHWCRwIfAPnDkBz/4wbe//W3GquLpgu8QHnjggVgM9ttvvzXXXBOvWXEa/OM/Vl+dSidOMzwF4ZkEyxheqm666aZrrVW9jMPh/va3v2EZmDx5MtZFPGfqyV3nIdYGex6yivXMTYgX4tDx1IcTCevH6quvvu2222Jx+qd/+ifowJ29WE44FUZbwrFQYksBdOG4Dz74IJ6r0T5u3Lhdd90ViyJLujfGjx9v7w08VyPGq3AstAgOOuggPCe//PLLWEHqWRPwRjogJnVLNEhxJaa9IiLA9/1EfL+xzf7Uer+xd/Y8eFBhxhqGF+Z4xv/DH/6A8wbK+9//frwGx0sDPEgTJ1Zvne22227QH3744aazZ/k555xzmrz+/mJtXT12bPXU7PanZssRRxyBmLud4ZURumwVE9Z3RnXjUcI82iYb56W2ycapAAMWWrToNRT8ug9zJc4MtJ7xcEIejgVqe0X8+9nMk6uvt19q+KCzHp76+Uffu9K4JZG+Z/vlUTr61mrranRpPUNs1zOkXM+mHVKtzVsetjLi3c6pvjT5XWsthfhzD08duUp1p/G4XM+QEm76uv5O1apZhl24Bx5//HHeSwDXwbjTGBMuWozZopElKwI8j+g8gYinMLxMZhVPLnha4WMn1IgAT094ULT+WVC99957zzzzzCY32BJ/kPp5dYBFgx5Qx2GHHXbfffchwFMK1jacBrgQx5PMFltsARHXSXjdiYDtd9xxx/e//31NxeclXpMJVJ977rlTTjmFttGjR+O5wq5n9vmK52GTZCYE+F2w71geeeSReFZkrLOX8+u2IUie2MB6bEoOOOAAPFWutlrzPea2qnuD8N5AwPVsyJAhU6ZMQbDiiiuOGjUKwUorVa93gX6R3bG6UvCrFD2lo7haXM+67k+NGezfz+yEihlwnDFjBsxf+MIXMJ5++uk44uc//3nEeIm0ySabIMDLh7qpuq7HuQJl+PDmopDLD+5fxJoztz+1beE5BAWvg5Dq4bQTArZwwggeTlT54ReA3p/85Cf4cdDFRpwrrqQ5W6KpFOSIfz/jUoTXGdCPunEybYOHLv75x6rHa4llq8vx3HoGuJ5NnjES8UZ7r4h4n6+tgXjS+0cgxqsZ3p4N9/wHpDBXPT1scXB17b7WltV+ngJ+tjgg4tfml7/8pQx4vXzWWWcx5og7UOuZI1nC88i1116rGY499thHHnmEKS6R8RSDV07wfPzjH8e5Wne0Aq+68Dr0H/6h97qTIMbrYpYQk+aZdYBFgR4XF7znPe/Bc8hyyy2HUwKvSrfbbrvNNtsMr2iXWqr6HADWA77SJV//+tfvvPNOBGzHaQYnnqyZcuT73vZPBnhdbt9vxHnIGH6eh0wBJ9QbYwSrAp80LDi12OLOXvt+TyxhNugaGVgF47nnnqsnWEfu3sDTI56l0c7rAbzKx5KGgNcP1WFq6qbmKMSJcXREUWYFybGCiypySQi0nlmRcdz/TCXclfjx3N/PItS5uQxegODSG2sY4nvuuQfnHF43bbzxxkh1d0NBCvQHKtw2pFhX7CHs/tTQ7dbVgC04iVnlu5Fcz5BqwtrbUNgmmwbcTpwWuNmwAb5VxZsUS7qp/MXQrwdQAGwMXBrJ/f0srmdI8R/WM6T2/cZtPr0KYreerf2B6qMNcT074t8mIsaxpu68AlJ3ffaeHaqrwFXWrvYYirccCmny8Hl9rGef+9znmqT2Jxct4kqcFr/Sv/rVr6iAk0466dFHH22S+oURrv5PPfXUhx56CA/rO9/5zqZQoxvGwI54xfrFL35RBgtKZ599ti01z6wDLAqaxyCAX7cXXnhhm222uemmm0444QT8buLq59Zbb0UJjx2ewQ8//HA6wTe+8Q1clDRJvfzgZGuSGrRwPdthh2rfeYpPPfUU1zMo7jw88cQTcR5CJ5qQKT04GzGhfXtAJTJ06NDc2YsSfrRY4nO74IT1MRc/77zzHnjgAeqEVcB7gylG3hsI+PcziFrP8DIOAZ5F1WtJisDpNkXM1IkxYCwFNLE+4ABU5npm3QApiH8/U8mtZ4SGCB6DN998E/7bbrsN6bPPPosY5wT8I0eO1PuNKOn9Rk2F2wbFLj8oaX9q3NFQ3P7UbMElIGKcFojxEok/O3rjhCBukw0nXqRgBCus0PuuGn434Pza176GuFAS5Q2vBabSmIPr2aYHVGewdS4zYgjfb3znmktBt+83AlzGIV17m2rR2vMrqyHGesb23HrG9xtPu2+9IUtVvyQfOn0MUnd9NmjwO+rrvyaNuJ8F12dcz6ADt56BJ5980r5UtCRLeB7BiaQ3fn/84x//4he/YAx0dFzo4+zCVRePSxHPUPjN5IZ/FDniZQ3OATxH1N7e2484WWqeWQdYFPAhcA8lH5qrr776C1/4wv3334+rtD/+8Y8//OEP+WwA+A6bHkE8fdtPVdjlhwp57rnn+DcngDnxnGnfb0yeh6zG9YzBE088gWUGaRmdvU1uwM2IJdwbq666Ku4NHovw/UboVmQc333lveHWM1xdcD3jJDRHcnoSzgOavEap1aOHNDlRrusz4HxbzH4XnsjK+1O7FsXUAdPHH38cfj6EV1xxBeLbb7+dJX0e5Oc//zmeMhDvt99+LKE9ufwAPBLQk/tTs+WVV17B8okXIIj592HeGFa1XXV9Gyu9sE329773PTzSOBCu2PhREf1BNVcShQ1CgY5uSb7UAro+YwpYwqjPgxz4nY7Pg4Ddvrgq0k9cPWn7E0af+eepiLten2FC+JEe+qO1Zp0yBoslYruewTDj6FGYTX8/0410QGepfH0G8CIXhpVWWgnX6O5vkCxhLUFJf5HG8whOXZxREyZMOPDAA3EO6Hd7l112OeywwyZPnoxXJ5/+9Kfxy8w/wgs8G+JBiX8/w0OJFx9N0vlDuRLhE+sAiwTc/3iAEOChtG+KgOOOO+7FF1/ks83111+PF764umJp9uzZ7vMgeO5mCXD5sVMxxlFwPfTud78bv5v8CJh9v9Gdh/adyXjBRw4++GCclscccwwWDDy5ffzjH9cnfnH24poJZ++YMWPs2YtbEk9stLML4Lbx3nBXfljeHnzwwd/97ndbbbUVXrjjrsCrQ/5c8d7YZJNNoMf3G7We1bM2wECavOfuYkCYEqVWr10dNpHTQVXCDwzcZ1Rwu+fOnYvrJK7qcYqo4FWD9qdG2qYL1/7w45UC4uOPPx7xD37wA3rw5HXaaadhwcOpgPsdZ0Dd0Uwb1zN2FfanZgvOLVxlv/rqqz/72c94FYWfXVW3QGJOXETibHDbZLOKqbAs4V7C4ebMmXPOOefo5Rh+olyJ5NYz/hTVTxjuOiDRVt16Zkv8vP5xv10Xa89RN07G4kQdnpGrDMVSdOZD6x9++USubVzPUMqtZ+Cd45c64oqJZ/1lKi7vPlC/S6n1jMct/PszoNumgOsZUsL1jDENU6dOvfPOO/nmMD+UT2BIlvA8ctVVV11yySV44fLMM8/Yf9+Ki/Jbbrnl+eefRwm/xrNmzWoK9WzA/toj5Thjxgz8bq+yyiq1sReV8HQmhQHmGWBRwUcBAR9KPY4Yt9hiC4j8O/enPvWpt956S++jQMHzD55tsBjg2WbfffelTtzyoznx5HDBBRf87W9/w6qG8/bhhx+261k8D9kI7IQQLXvvvTeeZHBe4dnjhhtu0Ksxd/baxSme2JgHOkege4MpYAmXH7iFuMrELxGeMGf2fF4fVXdv0M/1DEFyPdPhCFKngOhpIhOXuxCTJu+hQ7EJY9xu3FBQ/r4rS9fvu1oYeHTAmCJxaQ6uWHgVAz/XsJaU509WIUadStSJqoQicSlIGqINQLQ6Y4qAYg4ZrLPcFatUOPJuL8ygEgJr1kgqRwY8j+AyOtqUxpLDVXE1/9WvfhVBbFQph/MvDDw6YEyRuDRH3d20D5z/hGIOGayz3KUqz0MpHP8O5z+r0aY0lhyxSqXuKzVG+uovwKMDxhSJSxucddq0aVtuueX06dMnTZpEBbDqfhnUsuGGG7Jlgw02gCg9Sa4qnYGzIY1KE/WQM9j1jFBX0BXbRZQ6ndiqNdgYuJS0Fx2FAwnnIUoZOKjjoa+9FdQJ06j3ldwMFHNVgaqeR5gyiKjkPDZFvPzyy+O1rS7OWOX5r5KdijEDQD1JriqdgbMhjUoT9dDGQJQy6IrtIkqdTmzVGmwMXErai47CgYTzEKUMHNTbn//2PGyPncFCMVcVrlowq1Roie1Ucs//CBgzANST5KrSGTgb0qg0URsK7mSpOlqP7gwuBVSiTqyOWDRSJ4WS0HrW5AbX23UqUR+2MudarK7zIGfO0cZvb0ZXvwzyE4ptSJqj6BSlVk9OBXK6xU7I2L4upuLI6UkKzmSpnrvRncGlgErUidURi0bqpFCy5GxOTHqS1PNV5lyL1f9Xnf96n6DJa5RaPTkVyOkWO6HzR4Xk9CQFZ7JUz93ozuBSQCXqxOqIRSN14ktxyWVZQRl5uvpj1bbEKqGeqzqq6QwSGYAoMsAopQydoMn/E8g9IowZRKwNFJxE/uh0SjSUkb/Q2HJO2OiUX0qOZLXcYqmnb47IoIw8Xf2xaltilVDPVR3VdAaJDEAUGWCUUoZO0OT/CQyc/wI2OuWXkiNZLbdY6umbIzIoI09Xf6zallgl1HPVNPbVU+yU4gLrRGzTAkmbFbvO4wxIRSP1IIVBNFhcFakUVxLQ7e9e3VHR5MVGlRgoJVZ0zojVcx4QS1CSIkeQfGYhjdSNpJOiSi51ON2muRjkZgMsJXsRWJ3Yqg2sE7FNCyRtVuw6jzMgFY3UgxQG0WBxVaRSXElAHzj/yySdFFVyqcPpNs3FIDcbYCnZi8DqxFZtYJ2IbVogabNi13mcAanINkuPBqcw7Wpz2K6yM4ftcjPEaQtm4kR3HgMZEDhzV6Kfih1JbuboFBCdztSJIKlEMYlsDNyzWBOlYDXnUZVQtEiMVSpWd57YAgp+i0rR4xSmXW0O21V25rBdboY4bcFMnDhw/jtkYzBw/gumXW0O21V25rBdvXFyRqSkyYvkbE6v5+tVGFMEFInSNdZY4yMf+Qi/LypHbI/IwADnYjwdq1nMPDFtolCyUM9VSblawDb2dZLYm5wNgY0ZEJaAYgZ1scLGEVXtPd+G6kgtjuJs8Sg0kEbK0/haOEHO5vR6vl6FMUVAkdjUlSJ1d3ePDerTf+D8T8yGwMYMCEtAMYO6WGHjiKrxzCxTHanFUZwtHoUG0kh5Gl8LJ8jZnF7P16swpggoEpu6UqTuDh4n2c/rN1JNorOH+Hl9UR+xy01MinvvvTcm5Ff8NVLxNhAa7CjKvbaquNCSK3XVC3MKeAhjin0itivoE67LzuZKBazZdknfeYd3/79nZ918xeZM7ehwok37V2pPv7tsY3KSglg1d2u30GBHUe61VcWFllypq16YU8BDGFPsE7FdQZ9wXXY2VypgzbbL6kCpHR1OtGn/Su3pd5dtTE5SEKvmbu298F9S239PjQasZ/N69qdO9lPEqGpyf2pVLRK5bwtYsGDBE0888f3vf1//1JyeffbZB1WsZ1Z0UMTIgP/W74UXXlDJIadg6kRQG3vFpKGJamzKvUl5MxzVpGEqi6uuufqyeKLHf3jGp/LY//3AK483X23A2QgVwBjjxPHD0Dj3oe2oA9msn1D5t0s34uH0H46VMxPELm2iGpfm0HrW5DVfOHltiPvv2Xx3CdGELWcu3DZAxXmIUgYWirUrURXJqhPrObyNih1tYJHHViUytdTGDp2pE0Ft7BWThiaqKZsFSoUqcFX5nU5YJY3U46QIKBKlTgdWsTbCVFjFGWwMXFog58xN2HJma4stVJyHKGVgoVi7ElWRrDqxnsPbqNjRBhZ5miq/wzB+P4j9F+wMiPanpm6rhe9vxCinFK5nd91114033oinfsT33nuvsylQKqICkutZcoZySqKoqXIlYm+GRR5rjlNZxq22DNeVX/x4Uyp2PSOYIU4CJbeeJc2E6xkO8ftfTed/t19T7amBkkYbkKrTlBQTl4JoKKxn++3RfAG0hTPY0QWKIyzFMUmulGt0imzSo5JEVQbRnGt3jQqcv5ySKGqqXKmMPNbcphEUbCjFak7UaKm9FU3egxQGLhVIbUkxcSnIGaIzB512dIHiCEtxTJIr5RqdIpv0qCRRlUE0l9pdjeuZnVFx3J+aAcjtf/YO813yAgrXs2233RYprswQA35b8+GHH84UuPcbf/3rX0M866yz7r///pdffvnHP/4x9/7BpST9lp/97GfswrJ9ethpWtPyX6cd0rk/NarJLvhRwkGT+1Mnb4b7x5Xanzr5NncT9cDrs9efmolxwrjqq5btejZ48OKnHD3xkbu3mf/EDv9+69YH79t898zUKSPgd//95DvVvnwF0Mj17LCDejdGIoiHDHlHPBZ58LfvQ9e0TapvujrxqLUQX3D2e1jCEoX0jOMm/fHXW7/4yPb/evGGyyzdvHhaa81hqOJnueXKzT95yBqw9XU9E0pzOkFKxelJ5Kmb0n6r00YaqSZ3/mt0ac4cyenCnmDtpwUolatNlMd6kn6Ibc7/XG8T9cRRsQGwcY7ogUIUU48USiQanNLVYMn1ludESsXpSeSpm9J+q9NGGqlmEZz/KBCm9voM2NMu7hcjktdnOXCs5HrGtxy32GKL888//7rrroPi3m/kevbXv/71zDPPxHKCmLu4jhkzBi2X1jvDYo1BDA4++OC6Nb3TNHTOyfXsjdb7U6MU96fmllrJm8FNtwF73fc3UiQx5vXZDZdv9tcHtzvntOrfg9v17PMnVc/4zz4w46ofbPzSY9sj3nf3ajeAMassde5Z6373gqlQsPwgxn+z9+7dqajuThzOrmdU5MkdCwauZ9M3XRGx1jM2cj175v4Zpx87Cbcc8REfWb2eb7E7rpuG9Kl/3/auX05/ec4OiAvrmW5G+UkQMWnyHpxCD2jyHqVJOimvCpZy1VIfra2Z0F/uqmdtDDa2WN0FSkW/ndEAuoq5uAydZb+qCGzMANiYUCl7gGx64rZjgWiI5zZwsw2c/0xbQXd8vzG3P/Wq7232JIPNrmfu2C4lXM/uvvvuW2655cUXX0R877338r6j0/39jHA9O+qooxAfc8wxiLWTOki+34g15q2enaaRDh8+/BWz0zTgeuY2vFYXL7y67k+tSzfg3m/ULQGIc99HTNz5yvXs5/+y8RdPnfwff9puqSUHaT0bsdyQV5/YYcHTMyeuWd3CXWetAudDd76/7qtYa83q2s6932hvDHBK/PvZl06vdpkZOWIojzVpfPVSRsdib9frsyMPG4f46I+vifiir6yHrskThyN+7cmZY0dV+3rwuG49O+uESRD33rXZrwfYm9oS16I0ORVFW3IxUxvUlQ4bSFadJ4l15vxt5gEL2S7kLzeyilFBLVfk4iTx+drRdQaLMyPthwKkMHBpe9Te10bSjy7XojQ5FUVbcjFTG9SVDhtIVp0niXXm/G3mqdAs7v1G0HV/apBbzzSPnRDo8yC4MHryyScvu+wybrAJ6NTnGykSrmfcf+GQeufyH/3oRyyhK34QAyK3+oxM6dkRlOsZ9zZjC8a+7k8NUcS/n3FOR1J0aD2bMG7YG8/M2n/PMVrPNnrv8ijdd9vWdC4x9B0wQBm2bPN1/sn1TGNMQfz7GZei8rG0nmGq5Hr2oQ9WF68f3W9VxD+8qNolfIcPvAsxrsxq12IHfXgsUpjtjfnUoeMgbrt1sz+hLfUV15t80qRHTtuC2KYiKQLqdrQBsTpjq7jAYQ3JWETRpsmSE98WknP26UDWrNtpReBSkDRIdKmISkuSEypF4EqOsqHcW8b1/k89/xk0KI/XZyoV/n6We7/RH6YH+35jkuTnG7mecTMIt56B5AcLu+40zfWMyxuByFUw1wVPcn9qkvs8SD/QeoYjXvejTX577TStZxtvsAJKXGNQXXKJQUjx37LLNOtZ/DxIV9zfzwgmj+sZjzVs2eqqVO83Ij75s4n3G2fNSK9nt1+zBWxgn91GI3XXZ7vVV4FT1lmOKSck7hfSloQVkwaHPHZyiiohUAxsnKPgKbe7KlOMCmq5g/6VBKqEMcUk5SroaugT1W0yEzJ2SlJsooUjN091yMzhbMnqEessY20D5z9Hz9ChQ3Hr9QPQFD8PwgBwPRu/efMUA1Qt/P3MHZup1jNXFYXrM27nc+ihhyLmesZJ+He4V155xc6Jyz6I8+fP1wIGcDXWRGY9a/IadY0ePVqzqWuFFVaQGDehTt4MwJT7U++xxx4Uy2g9Q7zT9tWHAF9/aibXM70HmHy/EcdadfTSUOY9ur2+GZwlh3QEWs+cufzeJi7jkM7c9l2I+Ue78nqGEt9vfP4vH1x6qerjIed9bl2k7vps0KDFsTbHW209iG0KXAqoaGRAmAKlDEBSJEkbiE7i9HIqqOeqwBpkS/qdp68U5iwQDVbp940B7E3OINEdizR5J9JtoLivsJc0UoClpKHQJawHsWtxKaCikQFhCpQyAEmRJG0gOonTy6mgnqsCa/A2m7vPg1jieibieoY5iU0ZA65nfKdOJY5nn302nvGvueYaGObMmYMYrLde9XcXrmfcfNZen7FxyJAh3H76yiuvRMtBBx1EvbDTNEiuZ6Cv+1PzWCDeDOoAnvLfzxx2PRs8ePE591QfqYifB7nyso3sZzTIkCHveOHhD0LEKvWl09c56MO9O+/Zl2AWd31GM8fcsVD91pfXQ/q766effcpk3DbE7v3GeH0G4Ed64882+/IZ62CxRGzXMwRnHDcJs/HvZ/aWyAMQE8UxAFZMYktlJyhXBecBNmUMmALFDOpiGmtTUFeyjVbvao7QaUcRJ8lNa3XFOXOk7ExOnoRVjrnz381gW3KUq6CrQcAps+tiakeCmCiOAbBiElsqO0G5KjgPsCljwBQoZlAX01ibgrrSEwwaNAgPrVSAGOvZ3LlzR4wYsfTS1d/qKbrRBmDYsGETJkzA03Ty+gzEXvd+o53ttddeQ8mBCxp47PVZfL8R7LXXXg899NAbb7yBknYPKew0Ddx6pnM914UJ3SbUX/rSl9wm1MmbwbHrekYn4ef1+X4j0pM+U72bh2d5pICf13/07m2wHtx329ZYMKizF+y506gHfvO+156sPu7Pz+vbasRdn1lzPFZTWGyxsaOWxlL08pwdbv35Flzb3Hq243bVPwZ369naaw3/zbXT5j+xAy7v+HPBzBLAofX5RsS6JQqSOFvV1gN1oNjpJCe60QYEqVMsLMkQnYVe0cYDdCwFtZzFGeJzfT1Tr8f5QVQi9FQTdTNbg2LXVc2SKlk9SbkKaLDjwpOcRyKCaLCiixkkcbaqrQfqQLHTSU50ow0IUqdYWJIhOgu9orvHnbtoAFjP8IQL3PddCc5rx8L3XZHY0g9cY7/nIbY9TtVmcnqiky8Rou6QoeBMlqqpi70Uk6UkBWecSopEBYA6UMrAYsXa6z1RIdRVTabExsQp0QAgJnUHPXbsSj9aIq6x3/MQ2x6najM5PdE5cP4DpQwsVqy93hMVQl3VZEpsTJwSDQBiUnfQY8eu9KMl4hoT83A9Q0E1BNOnT9f+1NTreuJGSNxggw3gB/YrspItkWrq2hkX1yZqgeslmjmHrcqskdTFLDRgTN6ASHLC9mIZtNguxU5kKjEG/SbOYBXGuaOUqw7Zkv4oQqHIAORONlaBUolULGUxWY1UU9fOgfPf0vXQEbTYLsVOZCoxBv0mzmAVxrmjlKsO2ZL+KEKhyAD8zzz/Bw8enPtNaKKaOHXuYNIZ5GygUAKo0iCbFMYMRFRE3ZetAmtwzkKai0EsYdT97MwipxdAC7vUm3w0hWwKSDWLURhTBFZMEj3WjDinN1GKXJW6m9CljqRIciWnR1vXRgY5GyiUAKo0yCaFMQMRFVH3ZavAGpyzkOZiEEsYB85/xgyAjSO5KnU3oUsdSZHkSk6Ptq6NDHI2UCgBVGmQTQpjBiIqjZQoZEQHPAWbKxWcDutU3Ka930e0oCs5jxNBVECylyT9EdmiP1lKxgisnqOrBwb3fKGW6gCp9qRYQH7b2L9JCl1JQ6GrMJWAp2BzpYLTYZ2K27T3+4gWdCXncSKICkj2kqQ/Ilv0J0vJGIHVc3T1wDBw/ueAp2BzpYLTYZ2KS+1D6m8yLDm63Zq6u1LsKFwasYZybEcbCNeiVLEUixNxyjozgqjYoCr3KA6n52wg6bRirjepS0TgDMm0dqV1pjlkiM6k4sToAUmRsKTRpRiJjYFLLbE3Up4NKRU7CpdGrKEc29EGwrUoVSzF4sSB859IZ5pDhuhMKk6MHpAUCUsaXYqR2Bi41BJ7I+XZkFKxo3BpxBrKsR1tkEUNskphWgY2/TKQXCN0lqwhKSaR09K1y0F/13msLZq7ohbNIMXdVyIpinqCZioqfcU2ukkKJQer0dNyhmS70twkiG3qKJSSRD+V6hg9JSlMy8A2cP471KIZpAyc/86gNDcJYps6CqUk0U+lOkZPSQrTMrAt4vMfh3ebnzVR6GFsxwIy5GYgbh5nGDdu3OzZs+1XSankGiNdDTnQqN7kJK7qPMm07IkUDMkJQUGxJcRMJcYAVCaTAikaGeSQjSODiAxMSc7sqCZt4aTHOl3cp5IdC8iQm4G4eZzBVUGh5OhqyIFG9SYncVXnSaZlTwSGkwdYpPBRsI8UYzsWkCE3A3HzOIOrgkKpAQWAVU0pRvd5fYoKlBKm9vP6zlAmZ4buvh9ETgSEqbD/NC2iFtfIf3w2eXL11fUW2ZJdJCkKVEmT1zCV6AJnBlCSYhPVMLWiM6yz3cgvzHnvx36yVpwqR5ztoosuuuaaa3JHQUyafKHRVHFalwIpDGLqFBJFBtYDWlZFVAo486hRo3A26kPCGGWwAUH8rW99Cw8KdUI9ohaMl1xyyZVXXimdgUO6uphacr0EVdLkNUwlukBp87Q6wCKCjwLJPUbEpSAqBXJmHUsGGxCmHi1mAuuZ9qem4vpjHPenzl14IlA8ZcqUn/3sZ3Pnzp0/f/7vfve73XbbjToNufUs922/yfVMXRGWcutZksJsgFV5XIDxgEvWxLpi/zvzz1OtRyAlTd5pcHGuRKBoPWNKffvjR0N8767VlwhTiaAk4lOnQBUj7slDDjlEqQ1sSSJhaseuJG1OHDRo0EMPPXT88cc3uWHw4MG2VDioSgisrU3c5vyPjBw5EosNv5jb2XQfWvig0JmcNilyPSvcjBzlFnczXIAxKkyBe1Cap9UBFhF8FOzjZR+sNnH/zn9Cg7MVujr8PHCT1Oj7riTKoP2pqVu0n2eTd2O99dZ75ZVX0ILDPf7442+++SZ/M3kgEZXkt/3Co6/CYkq9K31az9pQ3970j8D17Lg71v3kNZP43xH/NpGeJGwkjdRDVCy2BYFdz6hg1HpGkdR96Zlz65n8fMJNttvn4tz8OZ2wWvZY9tlnH5whyy2X+GK2ZMnOrNgGinN0NRRQb32cjnmkFNYzBOpioDSJvT4DZXNfwWxuwqhE3IPSPK0OsIjgo6BHrc0j2NVQQL31cTrmiUqSxqNVVD1QtJ5F9P36rgvE/WIIYqU2vvbaa+G/9dZbV1hhBaQ4lffaay+W3P7UFMGGG27YqIbLL7+c03I9O/bYY++55x67dTX485//jNL06dNhw6OFmF8fjJTr2QEHHHD//ffjMvGnP/0pXiOzVLf2bictRVBxerQJrmeb7L9Sk9fQ/47Bi3/gyFWO/c26Z/1l6lE3TN7ow9V31bP02VvWQdcaG1dfBPz+T74b8U5njUUJYIlCOuPoUUfeMPn0B9bf9+trDF26eUBXGrcUqrj+O+yna23xkepR03oG4EmuZwTnQBMZ+NSJV9DPPffcX//61zPOOIP6iBEjcAc6Zs+ejUPkSmy89NJLr7vuuu9+97t4CJ5++unPfOYz1MmnPvUpPGqvvfbaU089ddlll1Hkj4Zx+PDho0ePXmqppag4cHGGR/OUU05hCo9s+NFYojJnzpyPfvSjCKzh/PPPv+qqq1SyqKTLTeqAJcZWR6x0yJAh5557Lp64586di3sSP+AxxxzDEl5RNXdQ/X4jRVC+D5MPCg/nXn/cddddOI1ZwnqG0je+8Q38mjz77LO6KrLoNgso+B1HL1peffXV3//+9zvsUH2PKHSAHwR3y4IFC3D36hd5o402wpPJd77zHfy8J5xwAn65nn/++aOPPppVgl77oAD8yHxWHWBRgUeheXgy0JCzWR2xUhsTm7pSJPm8BOpZTS99UpPXZwy2mP0uPAmO33y5OHVuPQMuBUsssQROffi33HLLRrJH6dyfGjoZk9n9GSV0cT176aWX0IiVCTG3rgZazxDj0UKsr8PnegY/VtZ58+Yhvvjii1kiya9b5BGJjYFLCcXkekY+eFy1w9zJ90w56LtrnvGn9RFP3aVa5oHWM0yi9Ywlrmcn/d8pMz67Ci77EG92QDP5P11V7bx64t1TPn71pDMfqibkeqabF9ez5C0H1HEP4L7F0/E666zziU98AvfJ5pt3bO+Ce9JdQGhClA499FCrAD6OWDMgTp06FZPzvWKk73vf+3C9vssuu6yyyioonXjiiWpkwAfRvrdsZ95jjz3wUC6/fLU5n9WBLYEf/OAH3/72t+nByABP/Xh2Zql29U6iEp7WqQiWGMtPlB533HF4Qp81a9akSZPwOuyNN96wT+6w6e9njVQDHcS7F/BBOe+88+yDAjNLcT1DgCpuPH7H8VBOmDBh3333xa/S7rvvzpJGCxSw9NJLP/jgg/gF33rrrddcc81dd931k5/8JKsHHnggXnnst99+0PEz4mb84z9WXxaK9Qzxhz70IbxYQQDb/vvvj0XUPXvoQZFeP6kOsMjgo4BHNhlgzC0tRH7i0hw5G3TS5AFfsm4Ebj3DmNufeuzUasdnovcbNZVFU3HkjipgxRVXxO8AfvEIr43osX8/s3PG3Z8J1zO+RD3ttNMQ6/kot56hi+vZmWeeiXSrrbZCjF/voUOHVm01bdYzm0ZYxRj/fjbz5OrL45debvBZD0/9/KPvXWnckkjfs/3yKB19a7UxNEhen7HE9WzaIe/C5FsetjLi3c6pvib4XWsthfhzD08ducpQHdetZ9yjdf2dmlXTIg9AzBT3wOOPP47zmMpjjz121FFHsUTFPuFSF8nnYqxnDz/8cJMsthgeLLwQYYxFDk/TvLzm5NQV8EHUeiYdIL733nv5gFodxNJhhx123333IcACg1UKT9m45sMrLawKroQbE0sTJ05k15JLLsmSZnZQfOaZZ3DLGeP3BWu2u1hxnwcRSHPrGR4UXI/CAPigqIRfKMYoaT0DvMYaPHgwdKS4/L355ptZAvVMvUfXM9cBBxyABRi/uYitAfHdd9990UUXNflii91xxx3f//73EXA9w2/TlClTEOCXnT/gSiv1vqRDOx6Us846q8lrqufUARYdfBT4KGMU1IGNiZRYAhTtaIOIK5WdosrdF8NDje83lven5kRuv5hm9prqUJ03iLuLAZzi+O1lDPBL3jgynwfBaNczOy3Xs5133hkxfvMR66v3k+tZdZt61rONN642ZAH8k577g7wCYlNXKhP/foalCDpeFkA/6sbmb3iDhy7++cequ3eJZat/SpFbz3BormeTZ1QvAjbae0XE+3xtDcST3j8CMV588OZtuOc/IOV6JrY4uHoTcq0ts39GcuD50b73i+dHPQexK/mES3Lr2bXXXtskiy127LHHPvLII4xxLmGpw7M/PB//+MeRQsRReCCOhCJo8sUWwwmAK4B/+IfEdacrQX/Pe97z1ltvLbfccjg6Hvrttttus802wwsarE+xtOmmmyZLH/zgB1XSsexNQgzgx6llrynxA7r1bPTo0fDY6zPNw/tQKSk8KOX17MYbb6xuUz0bbsPTTz/NkkTGNsD1HK7PlBLGePFxxBFHUAFf//rX77zzTgR8vxEBf2eXXXZZ3PkIxo5tXpCB+HgBPqsOsKhoHoZ2xPPBBgCxTQtEmxQGzuD9ePEF7D9BA/H9RlHYn7rweZA4T3y/Eb9gSPHMBTP9yf08UdJ6RpvgesbnC61n9Nj17NRTT0Xsrs+wntGJXy2kfBHq0OHccXM6ocgx935jXM+Q4r+hy1Qvje169oEjqxcW7vps7Q+MwPxxPdOHTabuvAJSXZ/xxrxnh+oqcJW1my2BCEtEcd3R+/lG6nh+/PznP1/XG/SES4NAGtcziFirfvWrXzHGeOKJJz766KN1sQJnyDbbbIPr7Iceeuivf/3rO9/5Tohu5iS4Vjj77LObpAc2smQnwcmPE+kDH/jATTfddMIJJ+Ap+9Of/vStt96qEm5Dn0rJW0gxrme4SEpen22wQbOlDho1oVvPWLKLFrCL1je/+U2U5MfPbtezG264AQGrxxxzDNYzxvJHzjvvvAceeACB8yDFenb44YdL/8Y3voFLNARaz7hx/LBhw7ie2d+v5OPVPK0OsIjgo1A4GYg1ME625ObB71EsQZFoY1IoNaigIF6fCbeeWdz1WVeuvvpq+LEI4fccKZ4akHI9Q4pR6xkVihiTuz8j1nqGWOsZq7hVSGfNmoWYf7Zx12cnnXQS4s033xwxXmgPGTKEjRC5nTT/wEAgNlFn3JW4nrF9qeGD+H7jO9esPuDg3m/EZRzStbcZgXjPr6yG2F2fxfWM7zeedt96Q5eu3on60OljkGo9wwgGDX4H1kucUUwt8ggohadO8uSTT+JFOpxs50hYQmBFPBB814vpj3/841/84heMBfzDhw9/8803edlNBeOIESNwGiy99NJIqXDEQzx//nwufsD+wsycOTNZwnn4hS984f7778ecf/zjH3/4wx9inXYlnKIq1d2lEtEtbPIaXJDpUyo41e37jTxi8v1GxrgP9fdgEV9k4EFBDHDzuMQCvGDFawI+Xijx/UZ+0R2Uyy67zF6uAXv3UgF8vxGXVlZkHN9v5Ed4ctdnWs9yj1fztDrAIsI+xH8fdEQG9ga4UpJCqVnP4Igmu565amE9i/NAmTJlCj+1gfVjzpw5CADXs+T+1Ouvvz57c7s/F67PLr74YqT4rTvnnHO4Wai7Pps3b97111///PPPI8ZvO0sYQXn7Tdm6Aqddz2wjYn0e5MDv+M+D7PbFVZF+4upJ258w+sw/T0Xc9foMwI/00B+tNeuUMVgsEdv1DOOMo0dhtqk7Z//9mXQGfOqUqOszKhhxsQXDSiuttOSSS7or/mQJ6xnONLzqnzBhwoEHHojr9Z122omlXXbZ5bDDDps8efLo0aNx6YOnUXhYAjgWfuXwoNhrHYJnUpwSCHQ7hUqO44477sUXX8TNQIxzAGcCVj60g1jiJ/pAoUTsLdSNQRfOMTjx4+DkxKnI9UyGwvuNyfuw8CJj1113xfxrr702ZvjUpz6Fu9penyHFZSWWGX4eBGaWSPLGY3l78MEHf/e732211Varr746fgq+fEFp9uzZ7vMgfAO/sJ6xkQ8KYx0IVM+pAyw68FiQ5vFIUa5aolMKA5sqJrbEoA+wB6dgYX9q4g4zbNiw8ePH40zlemadAKkUG2CJuuqqq/C8gF8GnNm8fgJcchzcn5qNcfdnkFzPEMOPF5Wovvrqq7fffjvXNq5ngOsZXnved999OC5uD37l0AJoKKxn1iYogiavYZp7vxHw8/rH/XZdrD1H3Th5431W0gzLj1oCS9GZD61/+OUTdz+n9/oMaD1D7Nazd45f6ogrJp71l6m4vNvmU9Vf3bieEUye/HyjDkpsWnjqJFOnTr3zzjtxJ+Pu0gfKCZ6gYwnrGe5tPLfiUhsXLvbDge9///tvueUWPPWjhCdQnRgCv3KYSusZb+eMGTPwCOISh6JAdbvttkPp3e9+t34iBIy32GILTMWvVcPz/ltvvaVPP6oEZ5sSJwQI7C1EyhJeimEJxAn/t7/97bOf/ezDDz/MjwgC3LfwW3DZB52NGJN3r31QcHFjHxSseTjJcaBHHnnktNNOs5duuM/R9c1vfvPl+vP6xx57LFuEu3sFXm6i97nnnsPNwG86F37oGI8//vjHH38cv5JY87BGUnfvN7rrMz5eeFAQO6rn1AEWHc3D0IMeZaZAcVcRII0lBkodSVtssTHO/45c4BTEOQdy+1MT22u/76qRerDv+Yj+KcTqSQ/EpE5yVafnPBrbUM3YY46BcErVUysKiESmIBdHujqjWJiw/bEKYD3TaxG2uEalhaodb7vttq9+9atVrcb6Xakr7lhJ2nhA7vwfPHjw/Pnz3ZJsyc1v9aQHYlInuarTcx6Nbahm7DHHQA+KFIK0eVodYBHhHpEkbTzg7/r8X61pgWnTpk2vmTRpEtJSfw92f2qksNGZ8zucLXa1ma3lsfqHndzdGJtiZEBsLJyHWNEFSi2Vu1O3qSuJuqkpJWMpQKIlKiRpJrmSXc+APM5cd1c0eQZcHuH3cJVVVmlyA0qnnHKKSl2ncgablntVRcBYCllttdX2228/XJGssMIKn//855988kn9mwQaiEtBcjZHubqQ2MndjbEpRgbExoIe93hRVGwDpZbK3anb1JVE3dSUkrEUINESFZI0k1zJ6YqtCGpXRZP3C9vedSpnaN+rKgLGUso4W+xqM1tTdZ/XJ+rMTZE0OHNhEluya6priY0WVKNBCgL70sA5nY5RCrBxAdrq1iao5V6iAmS2VRt3hWa1xF5nIDlbJLYjTqYSXSqSBo5az5BSYczAYsWyk7AUuzASJzK1OE8kaXDm6Bk3btydd9750ksvPf/887/4xS8mT56M0sD5D2zcFZrVEnudgeRskdiOOJlKdKlIGpwNqRRXIlYsOwlLsQsjcSJTi/NEkgZnLkxiS2/v+V+9z95EBvlcQz1DhdJcECmUQG6GmErhHeEMRKKtOtGOfcVN5YCY1COyWX9StFDXyMAhsU/VpJnYEmLS5J0USqLsUdWOSQolh3MqTc6QqyIlSnNBpFACuRliKmXg/OfIwCGxT9WkmdgSYtLknRRKouxR1Y5JCiWHcypNzpCrIiVKc0GkUAK5GWIqJXH+O6mj1okrISVNbkiKxJWYupFBEpUYtHEmidWk34lISZN3GhjX9Sao5Q5UKlRtUCZnox6rVk96YovIlQotANVCY7JkxWTMwPVGMWkDVsfIQLjUEp2kyQ1JkbgSUzcySKISgzbOJLGa9DsRKWnyTgPjut4EtdyBSoWqDcrkbNRj1epJT2wRuVKhBaBaaEyWrJiMGbjeKCZtwOoYGQiXWqKTNLkhKRJXYupGBklUYlBwVnQp18SJcl3QXQlp8tISMHZ+kdOBSgisjbFVHNGAGNhb6LBmEhWS00GyJNEGRKlEBO5uJEoZEKu7UkvsDAxEPWUf5pRZjVIsVnS2rv4CbqpIm3niJLku6K6EdOD8T5Yk2oAolYhg4Py3JMWImyrSZp44Sa4Luish/Xuc//q3w0SOwpktaFaLo696meSxYuoUi0rR5lJCG2hyg0RbTToLRL9TuhocuXYErlTAPe62l4FSEZUc1pns6joVDdGWayz4kyWlA+c/baDJDRJtNeksEP1O6Wpw5NoRuFKBgfOfwX/H87/K4+1Ofl4fTt9sxPh5fZVIIVbKwI6WylfT5MHJf0kWdzLj94wQ+41KwM2mlDFgSphGHUQlRxunPAVzrrQwt8QpSqNz5x3e/f+enXXzFR3fr5/DtsepRPLoBX8O14LTuzxJy0PAFp1JkbhSIVbKwI6WylfT5CmnjZM4g+tVyhgwJUyjDqKSo41TnoI5V1qYW+IUpe3nTGLbC1Mlj96PQ7uW/1Xnf7oZ69m8nv2pVcoFGEHcnzoH/fvssw8XGMeUKVMaXwo0aozY9UweBPgpvvzlL//whz9ENa5ncgLGcYG3HuBSy5qrL4snevyHZ3wqj/3fD7zy+A7VYcIkROlaa1a9cx/ajopFNlL3VfzbpRvxcPoPx2pM3UC7DXKjsGlyPfvCyWtD3H/P5t96u3aRnBxYJdnrDHqYqLsWJ7pqe+IMLsAopQ30gybvC+xq0ytPdSTjtzFIVhfm/I8lKhhdiQpQyiCJq9Z9FU2eUroiM4PcKFyaQ7acPzk5sEqy1xkGzv8EyTsF6xnWhlr25PanRqP9vit7SM1sxRkzZtxVM3fuXHQ98cQTTMePH984MthJBEV3fSYng80224zrWZzBOUkuzkHPuNWW4bryix9vSp3rGWMQp5Li1jPoBTNAzPUMh/j9r6bzv9uv2YIlOhWUsZ42LYX1bL89xrSZoatBtHeClubq9nU6mTqxPWqM80ixIiinOZI2ibaaFEGcodwOYkskOQkpT+UUO48rAasoTtooKihjPW1acgbq9QT9nCHS3glamqvb1+lk6sT2qDHOI8WKoJzmSNq8aHPEbj2zVbc/NWGc/H59awNInXJp/e3A7lvG9XX4MJ9cf/UOv56K32J13nnnvfLKK1//+tcvu+yyF1988Rvf+AZKcHI9y+00rfUMsUWNmBwL6uuvv44l1n6BXmF/6gjXs9efmolxwrhl0WLXs8GDFz/l6ImP3L3N/Cd2+Pdbtz543+ZbWadOGQG/++8n36l2RCTu0EipcD077KBqdxvBajwWWzA++Nv3oWvaJtU3XZ141FqILzj7PXXrYliikJ5x3KQ//nrrFx/Z/l8v3nDZZZp/nogfB1X8LLdcufknD1kDttx61uQ1PGiZrh5nQNq1BdAGmrxGqdNF1JNOKzLuagNI29iE9JxBFAzl3rflEBZrQxy72igOZ6gmzbeo6jxJsSvJSdrTxt/VE29D1xZAG2jyGqVOF1FPOq3IuKsNIG1jE9JzBtFrwCUaE0lcz5JT5L6PGLGuzxCzxNGikrDrmUpcz7iVjNYzVLme3X777ffddx+C22677YEHHkAwZkz1HMplCStZcqdpd31mbwYb33jjjZtuuunCCy/E/FxKUcJov7/Rdgkr8v3GGy7f7K8PbnfOadWVotYz2L5w8mRUn31gxlU/2Pilx7ZHvO/u1X6eY1ZZ6tyz1v3uBVOhYPlBjP9m7928ceewh3PrmS19/qRqdYnHAlzPpm+6IvxazxADrmfP3D/j9GMn4ZYjPuIjq7PrjuumIX3q37e965fTX56zA2KtZ2jEaNczKgwUJ2G1YMvpbdC0CgrIwCDpr2bptBHGdbFBokWlJK7k3vdTNTdDYWYLbc4sUboUpsSlxIqIkx7gSjkbKVT7V7LQhtH6lVoxSTQUFASxamG1YMvpbdC0CgrIwCDpr2bptBHGdbFBokWlJK7U//PfOez1GUtd96eGrfD9+iB3I+L1GZy57aS5nu22226f/vSnEcyaNQuNCLgvMJel3E7T8fpMN4mNX/rSl6Tk9qfO/RQEVV6f/fxfNv7iqZP/40/bLbXkIK1ny49c4tUndljw9MyJa1Y7me224yg4H7rz/WwE9v1GpBqFTRnHv5996fR1UBqx3BAea9L46pXHrrNWQYnHAvb67KTPTETsrs+OPGwc4qM/vibii76yHuLJE4cjfu3JmWNHVV9RzeO667OzTpgEce9dm1XT3fhI/HHatyDoagb0tHHmSPZGseshcobcVFZHbFPANOoiGhQIp9Te0mw2SMJqzpN8etLIANAmvdYabOpKljY26CwpEEqdDgqlSFePNTBu34KgqxnQ08aZI9kbxa6HyBlyU1kdsU0B06j7k4zE9aywPzUNGAv7eQJ/4B60nllDbj079NBDEe+4446HH344gm233fYTn/gEgm222QbtXJbcTtOrr15dXqBqr88APYSNG220EVNWNTIQyVSi1rMJ44a98cys/fcco/Vso/cuj9J9t22NGP4lhr4DBijDlm22vS98HkS4o8e/n3EpKh8r934jSlzPPvTBapfwj+63KuIfXlTtLbnDB96FGFdmiMHsvauSW88+deg4iNtu3exlJdxtdimAQjFXIkypC6dHA8npSay50MiSRgY5ylXQ1QCiR0quZEeC2KYRVjUyEMk0ik5xqMqgbLYknX09FqFoaS8mnzZzuBnihFAo5kqEKXXh9GggOT2JNRcaWdLIIEe5CroaQPRIybajENcz0XI/z+TsSdFdn9GT206a12cf+tCH3HqGAFW7LGEe7TSNGGy66aZIC9dnU6ZMkaKggPMw1XqG+LofbfLba6dxPUPVrjEAawxS/Kc/UMXPgzCIqMT17PDZzVuCBNWNN1ihcCytZ3Ce/NnE389mzUivZ/ywCdhnt9FIYbY3crf6KnDKOtXurML9FEoRCCrAxg45GQDqkaYcDFZhHD3AidFTfi5rPzOBaPWkR7Ca87h5lLqYAbCxvSqyQQHnKbSgxGrBEymYbamautMZlRwtbQW6zuAMShEIKsDGDjkZAOqRphwMVmEcPcCJ0fPf4vzvSNznQSxt1rN4PCm2hBgk/36GSSBy1ysa7Hpmr88++clPMkCVyxJ3mubVmN5vhLLuuutCwSJn30skWs+avEY3hvtT77HHHkyBSsSmdj3bafvqQ4CvPzWT12d6D5DvN7r3AMGqo5eGMu/R7d/Rs2e0O1DE/v3MmsvvN+IyDunMbautU/lHu7ieoaT1DDHfb3z+Lx9cZulqRTzvc+sidddngwYtjvWy203uG/qhYgCSonBi0iPK1T4Rp5JiS4hJk/frNrgWptWkPboUpu1xLTYtlABSp4ic7pCtpZ8kzWWxML8t5eK/A/GmJm9M8lY5MekR5WqfiFNJsSXEpMn7dRt8C78cRCoD93kQ28P1bPzmzWtwrNWqur+f2S6L0+Pfz0BuO2m3ns2YMSNen80LO00TLGN/+9vfIN50001Yn7R7JGDjeutVfyjSzdPLELefpwzJH9CuZ4MHLz7nnuojFVzPgD6jceVlG7nPaIAhQ97xwsMfhIhV6kunr3PgXunPg1i0nuHGuBtWONa3vrwe0t9dP/3sUybjtiHuen2GOeFHeuPPNvvyGetgsURs1zMYzjhuEmbT38+SVLeypsl7iEqSZGOyNylGnI2pHW0AXMme/yAXW5yes1laHoJpmwmTuHb3Mlx6DNqDFtLkGWjoaiMyy6+gK+qyLTYWSdHS1UBgI03eQ1SSJBuTvUkx4mxM7WgD4Er/Bc//Zr8YJCpjPZs7d+7IkSO1PzWgATR5jdLhw4dPmDABz/vx72fyJIPkepbbTjpen8X1LO40XU9ZHWvrrbf+wx/+gIs22B544AHqIHl9Jgr7UwNMS5ja9QziSZ+p3s3jeoYUK9YpR0989O5tsB7cd9vWh+zvP5e4506jHvjN+157svq4/0++84/SESi22PUMqfXw8/o6FhanpoC7d9TSWIpenrPDrT/fgmtb1/UMTJow7DfXTpv/xA64vOPPpfWsvnWLt/n3Z9RVdSmIjVEBrkU0kiGnC1adzaWACmjyGqWxJKwnF5SBraUzokYGuXkWZn7S5AaKKtWuDpuWTKcL6XVrwmMNNm1DbkKrx9QFpHZV2JSxg7qqLgWxMSrAtYhGMuR0waqzuRRQAU1eozSWhPXkgjKwtXSmwXqGZ3Cg77vijIAxRUvy+64YADUq0GiJCrAiYqVWjySrVszNU/YgEFbPIadgakfibJZkqeDP4VrcC3ACj7UxlhIDEltIVz8DjApquYM2YiFF7FKN7annqGBMsYy1qVGBRktUgBURK7V6JFm1Ym6esgeBsHoOOQVTOxJnsyRLBX8O1zJw/rennqOCMcUy1qZGBRotUQFWRKzU6r1w8zN32Tht2rQtt9xyes/+1IDV5OspinZ/6vSROm9NgeixiuJqrjqWIpxuU4wMyrTxgJytZTvpai4YeOdHgxQEtmpjh0oFD6lmLHqSBirJkiVW2QIYUwRO5JhEpaqh08Y0pwumhfPf4noF9FzJEj1WUVzNVcdShNNtipFBmTYekLO1bCddzQXDwPnPQGMSlaqGThvTnC6Y/nc5/3uRyUIl6mVyXV3nkSHOkIuBS0kUk11WjAqJSsTNwzQpRmJJinSXLiRuHjt51wOpVPCIlmZU2zubqKbuS/jbi6KeyRuoRL1MrqvrPDLEGXIxcCmJYrLLilEhUYm4eZgmxUgsSZHu0oXEzWMn73oglQoe0dKMantnE9XUfQl/e1HUM3kDlaiXyXV1nUeGOEMuBk0aV9c2oFnTFQJLQew6Q7JX5KrUu07VcvKkLdfbJ7OFHjsyIEwBY6sAJyIoPLi21zU6cjpAqVC10Fbwu5JiBnWxgTqIaRPVFEpASiy1AV1xhhhYCmLXGZK9Ilel3nWqlpMnbbnePpkt9NiRAWEKGFsFOBHBwPlPXAlIiaU2oCvOEANLQew6Q7JXdFTdQ86adeTmKh9DwEYYa2xDe2eS2O4UpVZPiklil+t1M7g0CTxtbCBpo6iS9bSctg1xKntEwVQnGBUbtEHzMAV9ao/YCTEyENKZAmcQOd0BG2GssQ3tnUliu1OUWj0pJoldrtfN4NIk8LSxgaSNokrW03LaNsSp7BEF04HznzDW2Ib2zl5wd7/tB8jZnK6UgUtdQJTGs8RixWhIKlEESTESbfV8HWJUksQujSRpIDEuNBaQs9CCEmnyGpc6CtVyI7GepB+i05lKdFUQlTIt/Tmb05UycKkLiNKB85/kSl0bC8hZaEGJNHmNSx2FarmRWE/SD9HpTCW6KohKmZb+nM3pShm41AVEafb8Rz548GCVk7DHd9ZKFHNTyRlbRD1fwhbFNdZYY/bs2TNmzGBKXItNLTkd2FLBBliNHqcgpWLvFudpT/vG+rC9ZsZWIVEpU/arisBCkbiUWFsMytBW9ZtGGzMQtsRYQQ7ZmIq6z4t/n/M/iWvJmXM6sKWCDbAaPU5BSmXg/CcuJdYWgzK0Vf2m0cYMhC0xVpBDNqai7vPiIj7/cXj8T1CNn9eP0Czi5/WJ5mTahsJ20oKeX/7yl03eiT0c4xtvvBF++x0fFnhsS1ecuU1vfYR0F4O6np6HJcKUentatshWHSm0WMXtf+b8NrZQzzkV50QiUSMDopiBLZGoEOgsyaAgSbIaRTdnS+DvXyOxXYoLU6FUqEacuU1vfYR0F4O6np6HJcKUentatshWHSm0OMWmtb0jbaJOqOecinMikaiRAVHMwJZIVAh0lmRQkCRZjaKbsyXw96+x+rw+P7JvwXqm/amRatLC7C33p7a38sorr6yWLMNrr70GferUqW47aXdcpNzeus16RrSexRKAmNObqMbaYokB/z01/uP+1ND1fcRVc+ooIvd9xOjiyw6livnvqe1/+i4SERulEJcWkFPrWTVjj5jc/4zIk6RcBfVB+nwj2QWYOqjnDFZUnHRaWhqSkyeJfoDUKY5YlZJsrKbL6E1UY22x1ESdWL1qzthE0gAxd/63ITZKIS4tEJ3VjEaMBpLTSbkKqmN08wg52QWYOqjnDFZUnHRaWhqSkyeJfoDUKb3w+64ssLrvu7IU9qe236/PXjtDnI3r2RNPPIEW8tvf/rapdW7votkUVI4ebOpKIl6fxUlirxRbijaL1rPk/tTVMWqYCioTxw9Do13PZGYAqAuuZ/b79fWVwYJd6lXqFOHSJPH6DKNbz6oDZA7REttVmKo8OatuKsKYomCJNFInSd35GUfFIk8sCXk42lTY1JVE1OMkBY8tRVsk54FOmrwHKkldJUI9R9JAUSWlThEuTdKmBaL0pKErtqswVXlyVt1UhDFFwRJppE6SuvMzjopFnlgS8nC0qXBptaS5S7S4nilu+f36wB/GwBLXs8MPP5yiBYa4XRnhN10RXp/ZA62zzjpXXHHFCy+88PLLL2N1nDlzJqt2PbvwwgsR33PPPSuuuCJSGPh9V4ek9qdGlftT77zzzjoQg+SfBLifp/anhmLXs37sT62ZiUv1fVdNbkjuT832Pu1PvczSzblR3p8aM3M923/P7l87aeFNsjglplZhbEdiYxI9BIoTmVpRsXNG2jhZyv2lAcCQa6duDQqSsGpHgtiKdrRIQWBjjMnzX0H/frqIc5bTMtVRM/6Wes4GVCp4kkR/+aBIrcLYjsTGJHoIFCcytaJi54y0cbL0n3L+8/pMU7PG9YwKqdurktYzpoRxeT9PQmc11+KLF9YzYLcra6SaLbbY4vzzz7/uuutQxXrGqQBKq6+++osvvgj9scceu/rqqzHyWx+B1rMzzzwTwe9///t/+Ifq2ZxwPXP7U0PntOXvb3QU9qcGcc9oXs0U9qfmbXDUP3GlF9azrvtTF/Y/69P+1LwlILee1Te28SjIwVMRo+0q0MYDZHN+prmqgO48SoGNy6jXBUnkYepQlVilKuep7RVNnoceO3alvU00UqY3Jyb1SM7mdKb9m7OcAigSY9UxcP4LeZg6VCVSKrSeAahuPYNS2J9asyTXs95jBOLfz7785S83tdR20pbk50HQDvHmm29eYoklkOKHmjhxIgLcBq5nKGHERdjIkSN5wzhyPTvnnHMkak8ZxF2/jxij7kB9HzH3p156qcFaz3J7uHAGEP9+hpKqxKXx72dfOn0d6OW9aez+Z8nrs/b7U9vbY/enlu5uMJDCX1rGALFNHfE3XGlutAFALBqpB6swLiuWnE7K1bed5OHs7ZfBpSSKiG0aYdU+gViSvU4spIgL1YWHs9UHSR/F6ZGcoTCDlIHz/+0Hxxs8uNqzWAdGEK/PcvtTrzdrBTW6/c+qGWtYVQAYx7+ffeYzn6EBJP9+pjG5nnG5+shHPsLU+rmekSuuuKKuV7DK9UwbgdaVEppZQS1XgdYztz81StrPk/4llxjEPaOHD2v+hJn8PAjM9CeJfz+L+1MDuz810q7vN+60ffVhlkP2Xw0x9z/T/tS8MQd9eCxSXp8Juz914TYLejASKV2Rn7HGSKGamyFpzgGz9TPWSOpKx7Q2tpR1O7bBdTFwqMoUJG0OdSmo5V5do7CpszEgNibO4CiUCnSdk1WNDFwMbEykxFKEHoxESlfkZ6wxUqjmZkiac8Bs/Yw1krrSMa2NLWXdjln4wsq9vLJ/P8OoKRC4/c8sbd5vJJgHR3TvN9qjYIzbSVvsekY/xltuuQXi7Nmza0uF5uR6dtNNN91xxx0I+EFHgirXM7c/tWJLUrTY/WLs/tRIy3tGY+a4P7UOp0BQse83Wk9cO3msYctWa6ddz7Q/NZ1cz9x+MShpf2ratD81YkAxuT+1oMfRUkzaiEoMbJqMBRU7WqqGnhIDxi5w5HQHbO61OUhOXpjQ+TFKEVEhNJNGqlEaSyQpllFLPWW2PZasP1ltoh6iAihqZBDJlSjG0QbAxjmSnpZiYX6VGNg0GQsqdrRUDT0lBoxd4MjpDtj+E8//5n8miO83NtFii20x+11Yz5KfB7GfbwTV9DVKNRKuZ0cccYQVAVO3nbTaibs+g4Lx3HPPhYiliy24y9Zaa6263vv3sw033PCtt9565plnll9+eZbQ69YzOwLuT7377rszlY5AKLXrmd2fGqWu+1OvNqbqnffo9jwCWmq5mZmxI/f3s5Ejhhbe28RlHFIuWtqfmqXkeoZ4nUnLIU7uT63bpv2ppbgAjwigEpE5Sa5K3VbL8xTITeJim1qcTidQqlHU9Yomr7GpYgaVtUYKsbFIisT1KmVgR5KMEQilLEUKJeE8Sqt5W7Rb6I+NSm2JgVJhdWe2FBQXDJz/Skldr2jyGpsqZlBZa6QQGycorGfx+kzVeH3mDqOUD2r58yC57aTPPvtspNdccw1Kc+bMQQy4tfQaa6wxb9486Liq+/nPf/7www/Hz4PgNnCDUIyIeUvieiaQ2r+fUVGJow34eRCuZ3F/6i+cPBmp3TPa/mutvu5PjYNqPatuUE1Ty+xPTUM/9qcGyf2peQdyWu5Pvc9uff73Z4CGaJNiD2SDJKg6g01VtWKBaLNKYRJXUlp4UnOwBaN6HU6X0+lCBsa6VylqFBKJFAW17AOlDhzOlZLOXLtDNgSCCrCpYikO6bUx7UniTkuQbO86Jw3RJmXg/Kfi8PqgQYMwO7AFrGdz584dMWKE3Z86SX2gqnHYsGHjx4/H837u/UY7P2OtZ/UcnTer9iS3k37ttdeQOvhBfIA1CSsZVrX58+fjluy4447U7Xq20korvfDCC0gxP6taz5gCe3u0nlF0DwZEmRHY6zNg96cGbn9qLBjqJW5/6kZNwUZ3fWZnc/tTay9skNufGu2F9WzttYbn9qcmWB0hun9/BhhrFEpjYFEvkZJEpYLHoglb+h3tG63NtdRz+EmiIuIZ2EQ19WSV4nRiRcXR6RSmHMvnPwNhq6CcOgolwKrz9Hs2Ao+1uZaYlhWmgLFGoTQGFvUSKUlUKngsmrCl39G+0dpcSz2HnyQqonT+86OApJ62qmE9wzM4cN93ZTtlJoX9qa0NxNQpjlhVSywBKyYNSaoZO81KnU6SIik3WqIz2QKRKLY6Ywt1oJh6AetJ+nOTdNULMyOl4vRIVwMp2HIlqyNmygBQF1aJBqYSY0Bi6hRHrKolloAVk4Yk1YydZqVOJ0mRlBst0ZlsgUgUW52xhTpQTL2A9ST9uUm66oWZkVJxeqSrgRRsuZLVETNlAKgLq0QDU4kxIDF1iiNW1RJLHjqmTZs2ffr0LbfcUvtT59CMdn9qqxOkTiFRtEqMMUYxogWchrop7SSuqrTuKzUCGrraHEl/birprqTU6SLqBacrWcWVSK6aNOeAuexXteCknjREpQz9diyT8zgdadIZRavEGGMUIwPnP4l6welKVnElkqsmzTlgLvtVLTipJw1RKUO/HcvkPE5HmnRG0SoxxhjFBOV3MBz1nI2BgVJL7apgTBHYmNSuiibvpKn1VBUAG/eDetbEtMKKtbeLx5LTHdbmWpi2nAck223QFThJk3dCnQZAMVIoieQMbRot9Ksr2Z48CmnymnLqqLsbAwOlltpVwZgisDGpXRVN3klT66kqADbuB/WsiWmFFWtvF48lpzuszbUwbTkPSLbboCtwkibvhDoNgGKkUBLJGdo0WuhXV7I9eRTS5DXl1FF3NwYGSi21q4IxRWBjUrsqmryTptZTVQBs3DCkhnGi3EOhlAMt7bus2XXZElHq9H6TnKc6aq0nqyCnC/cqoYCbqjpwj8JAqaV2VTR5xgaiTiWni9yESWRGQJiKqBCrK86ZSblK4Olqs56CuVDKUU/ctsuaXZctEaVO7zfJeaqj1nqyCnK6GDj/mYqoEKsrzplJuUrg6WqznoK5UMpRT9y2y5pdly0RpU6v0GImrCnR0EMsWaXNqRwPhJFQFFKSJStGg8MZmNpRIJXiShZXci0YndKVgs2Wus7W/tmEcEI7tkFOBLGLih1tQAppGydGp5OkaKEh2qxSmKTcOHD+M8DolK4UbLbUdbaB87+JMtAQbVYpTFJuXFTnf0X8fhAGAHFfTwtSz1fNw5FEkQpQyqArBSdL1aQpTxTlVMCYAYm6gq73D51uQkdh/mQjRBAPnTTn6JPZ0dfepB9iTm8iQzRHBRQeDmu2vQxcShAPnP8g6goGzv82JP0Qc3oTGaI5KuB/+/mvb9anQ6Ooi4n+XIlp9IOkmAPmrpMwTtosMiCwZsZ2TAYAMVMGgDqwcV9J9tbTN7ozMHUiiEoZO09fe4m6ypM4G0FsUxCroMlrGqkWY8CYAWEJNHkPBYWBRlEXuzcKptEPkmIOmLtOwjhps8iAwJoZ2zEZAMRMGQDqwMZ9JdlbT9/ozsDUiSAqZew8fe0l6ipP4mwEsU1BrIImr2mkWowBYwaEJdDkPRQUBhpFXezeKJhGP0iKOWDuOgnjDhuXX0kIgP28vi0xAIytktufun/Y+TXatCuy1X0VShkQl1r67QRSGBRSGzMA0jUysEhxJabR35XYYjftRJqbE6eQNeRsQoakU5OoagPFFidGT5suAlE6A5cSV7Ikxb5i59do067IVvdVKGVAXGrptxNIYVBIbcwASNfIwCLFlZhGf1eSLXa23JwD578lKfYVO79Gm2bR5aT1YT1L7k9NNK/Vu+5PLbOCFVZY4YILLpgzZ86rr776yCOPfPvb315jjTVUXWuttTDbCy+8wBRUx+s5tBQGxKbRw8B5bAqkON3dS/xH0/gPz/hU9CWNxE1i09wm1A71Av6jafufPZaFXfY1ip1HJEWg30ziNu0k2rQzN79TnM1WY28k2ZjEOeNIEOvRtFiPw5U0p9PLyBy7rFKYEyVW5VFAbBo9DJzHpkCK05PPEiQqwE3i0jZYc/tGOt+u879Mbn6nOJutxt5IsjGJc8aRIP6ffP7z/cbBg6sv5RP6vqtqAtODWPtTq6Sxr/vFXH311fA/99xzv/zlLx988MG33npLX/OBLrueuUl0RJs6ki0OiEmdsBQNUPilVvjPbUKdnA2i1ZObwjRRjdK6r4q5ntkv0Y+bUAP5GTOI2BLjqq1TZGrXMyoY4ybUDICNAVJXdakN6qKvUgQURVIkOT0H/YXZbMmmiu0YyekiaXBiMpXYjxkIxKROWIqGuqmCcRQdOV24qtK6r4o1MshhDQWnLTGu2jpFpS5QKqziqkhd1aU2qIu+ShFQFEmR5PQc9BdmsyWbKrZjJKeLpMGJyVRiR1UrGVSCWOuZdMbAfn+jK+W+X996xJJLLsl3Nd/97mprErD22mtzuzJcFEJ3XH755XxZMWTIkNNPP/2xxx7DVd39999//PHH8yOaOMq22257ww03YIF84403nn766W9961vDh1ffxnvIIYdghvPOO++VV175+te/ftlll7344ovf+MY32IURcBPqnXbaian0GABen/3nbULtcF9qBeTPHQvwS/Snb1rtwb3wm1DriHbTTnvnKG6DNcfGerLemRkAG3fFmZnGGaQgIEoVKCZSFJRJesqNrso0vqyGLqeNgY0dbWzSY2ApV0FOd7S0iejv0w3oeriu8zOViEBxG6w5NtaT9c7MANi4K87MNM4gBQFRqkAxkaKgTNJTbnRVpq3Of5joY4GjvT7DKJAm96cmdv8zQt3GAteFzz//PPxYnJZffnlrGDNmzPnnn3/ppZei+vrrryMG2tXsO9/5DnSsZBdddBFGLlRsx4L08MMPf/e73z377LP/8Ic/oIRGlLie3X777ffddx+C22677YEHHkAwdmzvF/7GTTurG12jlAHgetZ+E2p+EfDYUUvnNqF22GMhLnxJYz82oQZcz9wm1Jw2uQk1SxiBfb8R1PN5rK44KQI3CVKnlLH+No3O43pzKbFVV7KwCmzKWLhfTmeI/og81ezGr5QBYcmR0wkbgVIGIioW14hRiogKsXrXLqYYnU6sGA2FKlIpDJxCmDqsrjgpAjcJUqeUsf42jc7jenMpsVVXsrAKbMpY/Oed/4m54npW2J+aBlB4v9Edguy+++4vv/wyWrBo/eQnP9l00+a9OwA/rtVQeuGFF+wMWOreeustLITLLlsdd9iwYbjkevPNN5niBsAGcfXVV99+++3R/qc//Qk617Pddtvt05/+NIJZs2Z99rOfRbD55r3P1OVNqB36En1uQr3UkoO4nuFBspvCYNq4KUybv5+hETDAGP9+5jahdpvCIAZd17O4CTU3hXntyZmrjl4GKY+r9QwgsJtQCxkctpGBKLTYF1hJXCmXInAlkdOBLTmbUgaFSUR7pwV+tTCwqWLhlKQHRJFK0lzA+m38/7d39qxWbVcYNpgj15vc3IClXNAqJIaQdP4CkVxQo52KjaUWClYKYhH/gj9AsBULe0s7bQTxI4VgJ5rCL9Am717POq/jjDHn3PvoJYSwn2IyxjveMeba+yzucp9z7pm9/0h9xXxa4mpSKqwoqFXR0xN4bGZtBomlejUMWtb3v/xuIYipY1OVLdSfn/XOp/7rkS8frVb8fmNM9+zZc/HiRc7Y1GPp9OnTc2HHDj/P5nxqPHLkiMQKfxr/1KlT+nw2SxOvX7+WzvPs2LFj58+fV3D48OELFy4oOHTo0DS4QbpmsOg/op8OoVYpHqQpfAg1B0MLP888zVhJQf352VcfQs1Anmf/+Dn/Ef2lh1BLj4dQoxBATFMpUZ1WFDTjyqAkmtVp3qgL8DTNSamGxOr+WKo2KwQDg6nKijQbk6i0aROUgBQdmqKwUoNvZLsDe7Y6Jzlj2hsC1WlFQTOuDEqiWZ3mjboAT9OclGpIrO6PpWqzQtA26N8Cwg6C+POziKr+fuMshbm951kPNwo+OT1+/HjOy+83YuZ59urVq39uRZ/b9u3bxw/kbt68eebMGZ5YtPeeZwqm2TNs4auqASiNh8KkQ6jTM8YHQ3MItaiHUKdApLh+vxFDfZ55Lxmah1Dj5Hl27O+Ln1zW55l/2cSHULOdUMAh1H/7y+9J0RPSKdkQU4smKWNzZOmopUS/4nF7szpuGVAbB6NW2eWrrwRo95AaQM/WJJkrzTkpjqmISiqZng5Uo2cVfw16XdKTIaYWTVLG5sjSUUuJfsXj9mZ13DKgNg5GrbLL7PHzzPSeZ2LF3wdJAyN0bWxsXL58+ccf53NBT5w4od4XL16QCj2fpLx//16Xh6Ku/fv3S/zw4YMeYIji4MGDWvVwUundu3eIx48fV7r68ywdQl3R7nMUPp8pjodQK116CPW+n76X4kOoIQ6vpOeZGe+lj3FK0yHUirUXz7N0yJn0P//xd4r//a+fv9+9+PWQ3iHUP/x2w9drvfkSotg0CHSvBOAvfSR6orlJzxD16pFSRUD3ShBxibQyNXWrEWw2x65tTfhF+AVHVZYO/+rd3RgDx6YnphWacRRNryuC7pUA1ve/1xiI7oT4tCAQ9Xnmav18Jqhu6/PZ7t27Zf748eODBw/u3bvHoZ03btxglFY98N6+fSvx7t27etKcPXsW/datWxL1oLp9+/adO3eeP3/+8uVL6Xv37uWoz3Pnzh09elQ6NnWt8jxLh3bGNSExPs/qIdTNg6EpifEh1M0de88z8S2HUOvzmZzp0M7mIdTxqjiEOv38LFFfRfN1AaW4RqRYJIhKoupRcRyDKjb5lmqTXgv6uFqJevVIaYpztAlKXRNNMSHPUlvTsLQrgT919SZHnVQ4JRAxhqqM2dYESnGNSLFIEJVE1aPiOAZVbPIt1Sa9FvRxtbJFryY9z5rnU0dn6lp6PnVi586dly5dun///ps3b/Qh7MmTJ9evX//uu+9U0mSGnzx58tmzZ58/f9ZYPbqmvh27du26du3a06dPP336pMfVw4cPr1y5Il0teow9evRIn94eP3589epVdS19nnmvbf0+SHyeCR9Czah6CDU2qlrTIdTo0UBq/DxTKVYVp0OovZfY99Nv9Ciqh1CL5uczSn/6ww/1EGr2FTKk//+sgs3Q2PyXZsKNBFPfllHNf3sJp1FPnm3R6106f/VN5cRcW1wagCE6HUBKRVRiV9S/jjgtpqLGSQGnXhMuxWovhlUUk0ppsnFKqUmq4l/f/wk5MdcWlwZgiE4HC7Yk0/NM/3EXg/OpE/HvXQ1sPWqLlOYci82qSdVxKlafpthp0udok3oTV8+AxTZD/1LDmGa7FQKvMFUajUlJVWGlWapiE5xizjeZ1dYWMf52BtPi7gNbj9rSm2OxWTWpOk7F6tMUO036HG2yvv+NlWapik1wijnfZFZbW8T42xlMi7sPbD1qS2+OxWZ18f9T66OSIJ2G/IrzqcWBAwesp0BM3jlN51MDVdscJMZiDaDZJXr+VehtUfWkRFyqnmYpxTDnrSEiemJAbAWcRr33D8bxBKE4VSO1FJVBY2UVszzJ5pQgVqsilEJMiUXUUyAW1pCKZjq5tgSJsVgDaHaJnn8VeltUPSkRl6qnWUoxzHlriIieGBBbAadRX9//oBRiSiyingKxsIZUNNPJtSVIjMUaQLNr/ntXSz/JRqKoWL1J8dqkmit1SFVEbW8aLFa/aZa260/Ig40AKFVcGnjG1MY4E0hFjBODEqwyBz1VlUYlVU3Sq83KoCQGNpBOyQYHkFKIouL1/d9DHmwEQKni0sAzpjbGmUAqYpwYlGCVOeipqjQqqWqSXm1WBiUxsIF0SjY4gJRCFBX/T93/C+qRntuiPXQrvppo7sWAUnURS9HgOJWSh9QrTMUtTpEe87Haa0lOp1ZMVaDq8Y6J1d4EQWlgEH51kF5sD1cVNJ1JbHoGDPzjyaQ9Tw1Es2W7rNLujaK5FwNK1UUsRYPjVEoeUq8wFbc4xfr+r7iqoOlMYtMzYOAfTybteWogmi3bZZV2bxTNvRhQqi5iKRoWsT6f7dq1C5WvqB0KQPHgi42S9GobYHPs6k3wRRrSqdjtikxNeSOLrJGqiJ7NejSkkqlKog6JweqopbYTaNVbalH0YlMNVhQkJWKxBk1SdZxWlhqEPLat73+nkaqIns16NKSSqUqiDonB6qilthNoXd//xP8H9/9M/a4jxNRVAq0YXFr8FG7nTkSq/LFjFKpObdMKMVbVBgJ6HWjlWG1iAhS3RBhuJzRFkIIYSxYNKZeUUCleia9WKGBTK0Jm5vh6SLHBwre5KfASahBXwSilsTdSdRRPIGUOKdM8M63S+dGsUg9R4FjIhj+KQqI3MvTin/oWW1BSLL9WxYjEcciiYYK0XlhMZ+ummbiaMbikmQKR6vr+t399/xM4FrLhj6KQ6I0MvfinvsUWlBTLr1UxInEcsmiYIK0XFtPZumkmrmYMLmmmQKT637//Fw4PmvOtW2oFBnkDSlo9DlJV8HVlRRGqmqjow2KzKngBvkgumxUnpbgLikpardsp3KIAW2QxdGLOJ5T6HRMY4tui2AZErzEQC8fm7oDCd4A1xNfsmXS5NxJfuJBHAxEXm01oiFYrk3HRKJwKYq3S1aJVqXu5EsRE83vXOON8JrCCX7vRKLXQFceisHry9Ob9moGUhK9QShL9PQmRSgLFK1D1m0BJq3QrIlWFLkweVhShqonK+v4X6/tfrO9/oCo0QalW0vge4nTpi0rsS/cqqAopQqnf5cWwCVIRJwBVGqNCEF+qiF8/D8EjMxBT5aW6y4FacAo8Cmjx2BR48qQtJsR9CabKrLidlECrroES7UKpPfEFAlXpX74qHTyWUTROlRl2xKaSL0DEfVUSsqUdJRJ4gteIqsK6Al+8dbaOFyCdkj2sCYkyzMkmTb/SND9uyhxdGF3MZPX9IAjsoTeahc1ShFK/mYqBVMQJQJXGqBDElyDil8lD/IqAmCqvxV0O1IJT+PXS4rEp8ORJW0yI+xJMlVlxOymBVl0DJdqFUnviCwSq0tPdWPFYRtE4VWbYEZtKvgAR91VJyJZ2lEjgCV4jqgrrCnzx1tk6XoB0SvawJiTKMCebNP1K0/y4KXN0YXQxk9X3gyCwh95oFjZLEUr9ZioGUhEnAFUao0IQX4KIXyYP8SsCYqq8lo2Njf8AfY3K4JlXesMAAAAASUVORK5CYII=" /></p>

<p>The Userrecon tool is a tool that allows you to find out which social media accounts a person uses.<br />
<br />
DOWNLOAD IT WITH THE FOLLOWING CODE<br />
<br />
<br />
&nbsp;</p>

<p>PHP Code:</p>

<p><code>go&nbsp;to&nbsp;clone&nbsp;https://github.com/wishihab/userrecon.git&nbsp;</code></p>

<p><br />
<br />
ENTER THE DOWNLOADED FOLDER<br />
<br />
<br />
<br />
&nbsp;</p>

<p>PHP Code:</p>

<p><code>cd&nbsp;userrecon&nbsp;</code></p>

<p><br />
<br />
LET&#39;S GIVE THEM PERMISSION TO WORK<br />
<br />
<br />
<br />
&nbsp;</p>

<p>PHP Code:</p>

<p><code>chmod+x&nbsp;userrecon.sh&nbsp;</code></p>

<p><br />
<br />
AND, LET&#39;S RUN IT</p>

<p>PHP Code:</p>

<p><code>/userrecon.sh&nbsp;</code></p>
','23-07-2022 19:57:23',18,1);
INSERT INTO "forum_threads" VALUES (44,'EMAIL LOOKUP','<p>This website is free and is extremely useful. It has Holehe implemented (shows popular websites that the email is linked to) and shows Google information (name, ID, last upated, and a photo url) which can be helpful when trying to confirm if an email belongs to someone.<br />
<br />
<a href="https://tools.epieos.com/" target="_blank">https://tools.epieos.com/</a></p>
','23-07-2022 20:45:24',18,1);
INSERT INTO "forum_comments" VALUES (12,2,9,'Selam','10-05-2022 20:42:04');
INSERT INTO "forum_comments" VALUES (13,4,14,'thanks for sharing dude','10-05-2022 21:31:33');
INSERT INTO "forum_comments" VALUES (14,4,36,'i''m old Android user and i love this system but there are rules if you want to get the maximum best experience : 

first make a separate mobile for all your payments apps  like paypal and your visa app your official mails for work and other device just to explore all the mods apps 
second rule is always read before accept 
third rule reread the second rule  pomquestion pomquestion
and thanks for good article briefly take a good view for the point','23-07-2022 19:24:37');
INSERT INTO "forum_users" VALUES (1,'admin','a6ef811f1213416813cd535510797c73','images/users/admin.png','karadeniz@karadeniz.com','admin');
INSERT INTO "forum_users" VALUES (2,'omnipotent','a6ef811f1213416813cd535510797c73','images/users/omnipotent.jpg','karadeniz@karadeniz.com','vip');
INSERT INTO "forum_users" VALUES (3,'normal','a6ef811f1213416813cd535510797c73','images/users/user.jpg','normal@normal.com','rookie');
INSERT INTO "forum_users" VALUES (4,'kesersadi','a6ef811f1213416813cd535510797c73','images/users/kesersadi.jpg','sadican67@gmail.com','mvp');
INSERT INTO "admin_messages" VALUES (1,'Selamlar grubunuza katılmak istiyorum bahsettiğiniz yetkinliklere sahip olduğumu düşünüyorum.','omnipotent',2,1);
INSERT INTO "admin_messages" VALUES (2,'Şu ana kadar yaptığın eylemlerden bahseder misin?','admin',1,2);
INSERT INTO "admin_messages" VALUES (3,'Globalde ve türkiye üzerinde bir çok resmi kurumun kritik bilgilerine eriştim bu bilgilere erişirken hem malware,reverse hemde pentest yeteneklerimi kullandım.','omnipotent',2,1);
INSERT INTO "admin_messages" VALUES (4,'Yaptığın eylemleri beğendim grubumuza girdiğinde kendini anonim olarak koruyabilecek misin?','admin',1,2);
INSERT INTO "admin_messages" VALUES (5,'Evet kendimi koruyabilirim daha önceki eylemlerimde herhangi bir sorunla karşılaşmadım','omnipotent',2,1);
INSERT INTO "admin_messages" VALUES (6,'Şu an sana görev detaylarını icq üzerinden ileteceğim ek olarak şu gruba girmen gerekiyor https://icq.im/AoLLqt158mmiFAvHyD8 .
HK{ICQ_Komur_karasina_benzer}','admin',1,2);
COMMIT;
